method,model_idx,sigma,repeat,accuracy,loss,acc_drop,loss_increase
CelNet,1,0.0,0,83.79,0.48594015222787856,0.0,0.0
CelNet,1,0.01,0,83.6,0.4869721466779709,0.19000000000001194,0.0010319944500923328
CelNet,1,0.01,1,83.73,0.48638212423324584,0.060000000000002274,0.0004419720053672749
CelNet,1,0.01,2,83.64,0.48735491168498996,0.15000000000000568,0.001414759457111392
CelNet,1,0.01,3,83.64,0.4864940774202347,0.15000000000000568,0.0005539251923561417
CelNet,1,0.01,4,83.77,0.48698869922161103,0.020000000000010232,0.0010485469937324687
CelNet,1,0.02,0,83.46,0.48851658660173414,0.3300000000000125,0.002576434373855574
CelNet,1,0.02,1,83.73,0.488029249382019,0.060000000000002274,0.0020890971541404624
CelNet,1,0.02,2,83.53,0.4895155537605286,0.2600000000000051,0.0035754015326500133
CelNet,1,0.02,3,83.57,0.4879719203352928,0.22000000000001307,0.0020317681074142335
CelNet,1,0.02,4,83.78,0.4887547190785408,0.010000000000005116,0.0028145668506622257
CelNet,1,0.05,0,83.22,0.4961950338125229,0.5700000000000074,0.010254881584644326
CelNet,1,0.05,1,83.08,0.501077800810337,0.710000000000008,0.015137648582458474
CelNet,1,0.05,2,83.24,0.5008834331512452,0.5500000000000114,0.014943280923366609
CelNet,1,0.05,3,83.42,0.4974186488389969,0.37000000000000455,0.011478496611118327
CelNet,1,0.05,4,83.33,0.49945604186058046,0.46000000000000796,0.013515889632701894
CelNet,1,0.1,0,82.63,0.5189382198572159,1.1600000000000108,0.032998067629337324
CelNet,1,0.1,1,81.46,0.5511179341316224,2.3300000000000125,0.06517778190374379
CelNet,1,0.1,2,82.16,0.5383810994148255,1.6300000000000097,0.05244094718694692
CelNet,1,0.1,3,82.33,0.5291911077976227,1.460000000000008,0.04325095556974412
CelNet,1,0.1,4,82.31,0.5348194753885269,1.480000000000004,0.04887932316064836
CelNet,1,0.2,0,79.58,0.6026209774732589,4.210000000000008,0.11668082524538037
CelNet,1,0.2,1,74.83,0.7816022899150848,8.960000000000008,0.2956621376872063
CelNet,1,0.2,2,77.44,0.6950238450050354,6.3500000000000085,0.20908369277715688
CelNet,1,0.2,3,77.54,0.6586654505729675,6.25,0.17272529834508898
CelNet,1,0.2,4,77.92,0.6716120681285859,5.8700000000000045,0.1856719159007073
CelNet,2,0.0,0,83.16,0.48279093911647797,0.0,0.0
CelNet,2,0.01,0,83.09,0.48234124755859376,0.06999999999999318,-0.0004496915578842131
CelNet,2,0.01,1,83.33,0.48349783732891083,-0.1700000000000017,0.0007068982124328604
CelNet,2,0.01,2,83.21,0.482353417801857,-0.04999999999999716,-0.0004375213146209922
CelNet,2,0.01,3,83.06,0.4842162862062454,0.09999999999999432,0.001425347089767437
CelNet,2,0.01,4,83.3,0.4835584230661392,-0.14000000000000057,0.0007674839496612518
CelNet,2,0.02,0,83.05,0.4823770533323288,0.10999999999999943,-0.00041388578414919275
CelNet,2,0.02,1,83.3,0.48470106315612793,-0.14000000000000057,0.001910124039649963
CelNet,2,0.02,2,83.25,0.48235243895053864,-0.09000000000000341,-0.00043850016593932617
CelNet,2,0.02,3,83.01,0.4863132221698761,0.14999999999999147,0.003522283053398134
CelNet,2,0.02,4,83.22,0.48517573499679567,-0.060000000000002274,0.0023847958803177027
CelNet,2,0.05,0,83.0,0.4855290536403656,0.1599999999999966,0.0027381145238876137
CelNet,2,0.05,1,83.14,0.49124964940547944,0.01999999999999602,0.00845871028900147
CelNet,2,0.05,2,83.22,0.485135401391983,-0.060000000000002274,0.002344462275505055
CelNet,2,0.05,3,82.79,0.4966692225933075,0.36999999999999034,0.013878283476829512
CelNet,2,0.05,4,83.0,0.4946833584547043,0.1599999999999966,0.011892419338226323
CelNet,2,0.1,0,82.62,0.5016709649085999,0.539999999999992,0.01888002579212189
CelNet,2,0.1,1,82.38,0.5115636101722717,0.7800000000000011,0.02877267105579373
CelNet,2,0.1,2,82.99,0.4984074967384338,0.1700000000000017,0.015616557621955851
CelNet,2,0.1,3,81.46,0.5284131811618805,1.7000000000000028,0.04562224204540255
CelNet,2,0.1,4,82.07,0.5250851262807846,1.0900000000000034,0.04229418716430666
CelNet,2,0.2,0,80.21,0.5873069526195526,2.950000000000003,0.1045160135030746
CelNet,2,0.2,1,79.96,0.5898482592582702,3.200000000000003,0.10705732014179226
CelNet,2,0.2,2,80.48,0.5673086366653443,2.6799999999999926,0.08451769754886629
CelNet,2,0.2,3,77.32,0.6560829572200775,5.840000000000003,0.1732920181035995
CelNet,2,0.2,4,78.41,0.6494110234260559,4.75,0.16662008430957798
CelNet,3,0.0,0,80.85,0.5974458610057831,0.0,0.0
CelNet,3,0.01,0,80.87,0.5983391203403473,-0.020000000000010232,0.0008932593345641893
CelNet,3,0.01,1,80.81,0.5987756629228592,0.03999999999999204,0.001329801917076101
CelNet,3,0.01,2,80.74,0.6044949588537216,0.10999999999999943,0.007049097847938501
CelNet,3,0.01,3,80.97,0.5928545627832412,-0.12000000000000455,-0.004591298222541895
CelNet,3,0.01,4,80.92,0.5967647173881531,-0.07000000000000739,-0.0006811436176300534
CelNet,3,0.02,0,80.87,0.5996687280893326,-0.020000000000010232,0.0022228670835494624
CelNet,3,0.02,1,80.73,0.6008175108909607,0.11999999999999034,0.0033716498851775745
CelNet,3,0.02,2,80.59,0.6134807784318924,0.2599999999999909,0.016034917426109296
CelNet,3,0.02,3,81.07,0.5892651237487793,-0.21999999999999886,-0.008180737257003856
CelNet,3,0.02,4,80.96,0.597005451798439,-0.10999999999999943,-0.0004404092073441168
CelNet,3,0.05,0,80.64,0.6061921335697175,0.20999999999999375,0.008746272563934343
CelNet,3,0.05,1,80.39,0.6116937026977539,0.45999999999999375,0.014247841691970797
CelNet,3,0.05,2,79.8,0.6525982348918915,1.0499999999999972,0.055152373886108386
CelNet,3,0.05,3,81.02,0.5843984335184097,-0.1700000000000017,-0.01304742748737342
CelNet,3,0.05,4,80.46,0.6028610424995422,0.39000000000000057,0.00541518149375908
CelNet,3,0.1,0,79.9,0.6255499209880829,0.9499999999999886,0.02810405998229981
CelNet,3,0.1,1,79.64,0.6478742348670959,1.2099999999999937,0.050428373861312825
CelNet,3,0.1,2,77.44,0.7639527521133422,3.4099999999999966,0.16650689110755912
CelNet,3,0.1,3,80.92,0.5961205558300018,-0.07000000000000739,-0.0013253051757813328
CelNet,3,0.1,4,79.86,0.6278018756866455,0.9899999999999949,0.030356014680862353
CelNet,3,0.2,0,77.15,0.7018266120910645,3.6999999999999886,0.10438075108528133
CelNet,3,0.2,1,74.86,0.8033007406234741,5.989999999999995,0.205854879617691
CelNet,3,0.2,2,67.27,1.2249544096946716,13.579999999999998,0.6275085486888885
CelNet,3,0.2,3,77.64,0.6935504376411438,3.2099999999999937,0.09610457663536065
CelNet,3,0.2,4,76.31,0.7477148997306824,4.539999999999992,0.15026903872489927
CelNet,4,0.0,0,81.43,0.5651668411254883,0.0,0.0
CelNet,4,0.01,0,81.32,0.5638045118808747,0.11000000000001364,-0.0013623292446136581
CelNet,4,0.01,1,81.39,0.5642173651695251,0.04000000000000625,-0.0009494759559631749
CelNet,4,0.01,2,81.37,0.5660090883731842,0.060000000000002274,0.000842247247695882
CelNet,4,0.01,3,81.43,0.5642834178924561,0.0,-0.0008834232330322545
CelNet,4,0.01,4,81.37,0.5657219441890716,0.060000000000002274,0.0005551030635833065
CelNet,4,0.02,0,81.42,0.5634106556415558,0.010000000000005116,-0.0017561854839325264
CelNet,4,0.02,1,81.4,0.5636707546234131,0.030000000000001137,-0.0014960865020752223
CelNet,4,0.02,2,81.33,0.567388979101181,0.10000000000000853,0.002222137975692706
CelNet,4,0.02,3,81.33,0.5642823182582856,0.10000000000000853,-0.0008845228672027527
CelNet,4,0.02,4,81.48,0.5668838322162628,-0.04999999999999716,0.0017169910907745
CelNet,4,0.05,0,81.51,0.5678938796997071,-0.0799999999999983,0.002727038574218743
CelNet,4,0.05,1,81.13,0.5650758689403534,0.30000000000001137,-9.097218513487437e-05
CelNet,4,0.05,2,81.12,0.5750480622291565,0.3100000000000023,0.00988122110366818
CelNet,4,0.05,3,81.21,0.5692081827163696,0.22000000000001307,0.00404134159088132
CelNet,4,0.05,4,81.19,0.5738729895591735,0.2400000000000091,0.008706148433685224
CelNet,4,0.1,0,80.5,0.5964714114189148,0.9300000000000068,0.03130457029342648
CelNet,4,0.1,1,80.58,0.5767909647941589,0.8500000000000085,0.011624123668670605
CelNet,4,0.1,2,80.28,0.600421836900711,1.1500000000000057,0.03525499577522273
CelNet,4,0.1,3,80.5,0.5955265274047852,0.9300000000000068,0.03035968627929686
CelNet,4,0.1,4,80.39,0.5981362156391143,1.0400000000000063,0.032969374513626026
CelNet,4,0.2,0,75.18,0.752628186416626,6.25,0.18746134529113767
CelNet,4,0.2,1,78.15,0.643489026260376,3.280000000000001,0.07832218513488765
CelNet,4,0.2,2,76.63,0.7114384426593781,4.800000000000011,0.14627160153388974
CelNet,4,0.2,3,76.2,0.7471423216819764,5.230000000000004,0.18197548055648805
CelNet,4,0.2,4,77.3,0.7025329500198364,4.13000000000001,0.13736610889434808
CelNet,5,0.0,0,84.34,0.460753844833374,0.0,0.0
CelNet,5,0.01,0,84.39,0.45965693759918214,-0.04999999999999716,-0.0010969072341918684
CelNet,5,0.01,1,84.39,0.46108832936286925,-0.04999999999999716,0.0003344845294952492
CelNet,5,0.01,2,84.39,0.46144700589179993,-0.04999999999999716,0.0006931610584259285
CelNet,5,0.01,3,84.42,0.4620227021574974,-0.0799999999999983,0.001268857324123407
CelNet,5,0.01,4,84.32,0.4626084214568138,0.020000000000010232,0.0018545766234397965
CelNet,5,0.02,0,84.42,0.459152011013031,-0.0799999999999983,-0.0016018338203430127
CelNet,5,0.02,1,84.44,0.46261739798784257,-0.09999999999999432,0.0018635531544685668
CelNet,5,0.02,2,84.26,0.4627209628343582,0.0799999999999983,0.0019671180009842026
CelNet,5,0.02,3,84.25,0.4643431586146355,0.09000000000000341,0.003589313781261483
CelNet,5,0.02,4,84.28,0.46580448174476624,0.060000000000002274,0.005050636911392237
CelNet,5,0.05,0,84.5,0.4617926096200943,-0.1599999999999966,0.0010387647867202698
CelNet,5,0.05,1,83.99,0.47488443316221235,0.3500000000000085,0.014130588328838345
CelNet,5,0.05,2,83.88,0.47024766092300413,0.46000000000000796,0.009493816089630125
CelNet,5,0.05,3,83.84,0.477260720872879,0.5,0.016506876039505014
CelNet,5,0.05,4,83.81,0.48267934701442716,0.5300000000000011,0.021925502181053158
CelNet,5,0.1,0,84.0,0.48125798580646517,0.3400000000000034,0.020504140973091167
CelNet,5,0.1,1,82.49,0.521977908539772,1.8500000000000085,0.06122406370639799
CelNet,5,0.1,2,83.42,0.4953837931275368,0.9200000000000017,0.03462994829416277
CelNet,5,0.1,3,82.52,0.5200394037485123,1.8200000000000074,0.059285558915138314
CelNet,5,0.1,4,82.01,0.5367882490634919,2.3299999999999983,0.07603440423011787
CelNet,5,0.2,0,80.31,0.5966386744976043,4.030000000000001,0.13588482966423032
CelNet,5,0.2,1,76.76,0.7286269477128983,7.579999999999998,0.26787310287952426
CelNet,5,0.2,2,79.9,0.5990555728316307,4.439999999999998,0.13830172799825668
CelNet,5,0.2,3,76.38,0.702769850730896,7.960000000000008,0.24201600589752204
CelNet,5,0.2,4,74.86,0.762419511795044,9.480000000000004,0.30166566696166996
CelNet,6,0.0,0,83.85,0.4841699560403824,0.0,0.0
CelNet,6,0.01,0,83.77,0.48568868219852446,0.0799999999999983,0.0015187261581420808
CelNet,6,0.01,1,83.85,0.48507025299072265,0.0,0.0009002969503402736
CelNet,6,0.01,2,83.83,0.4851442637205124,0.01999999999999602,0.0009743076801300155
CelNet,6,0.01,3,83.92,0.4833615777492523,-0.07000000000000739,-0.000808378291130063
CelNet,6,0.01,4,83.88,0.48386271352767946,-0.030000000000001137,-0.000307242512702921
CelNet,6,0.02,0,83.58,0.48783561911582946,0.269999999999996,0.0036656630754470787
CelNet,6,0.02,1,83.65,0.4866382686853409,0.19999999999998863,0.0024683126449585036
CelNet,6,0.02,2,83.7,0.48682594299316406,0.14999999999999147,0.002655986952781686
CelNet,6,0.02,3,83.89,0.48316260130405425,-0.04000000000000625,-0.0010073547363281254
CelNet,6,0.02,4,83.77,0.484225134396553,0.0799999999999983,5.51783561706376e-05
CelNet,6,0.05,0,83.18,0.497716387462616,0.6699999999999875,0.013546431422233607
CelNet,6,0.05,1,83.24,0.4952459572076797,0.6099999999999994,0.011076001167297345
CelNet,6,0.05,2,83.26,0.49642790184020996,0.5899999999999892,0.012257945799827585
CelNet,6,0.05,3,83.65,0.4860001121044159,0.19999999999998863,0.001830156064033528
CelNet,6,0.05,4,83.63,0.48974716632366183,0.21999999999999886,0.0055772102832794546
CelNet,6,0.1,0,81.96,0.5254884948253632,1.8900000000000006,0.04131853878498082
CelNet,6,0.1,1,82.36,0.5231291495084762,1.4899999999999949,0.038959193468093845
CelNet,6,0.1,2,82.14,0.5292788197517395,1.7099999999999937,0.04510886371135714
CelNet,6,0.1,3,82.7,0.5031000266075134,1.1499999999999915,0.01893007056713103
CelNet,6,0.1,4,82.68,0.5154944691181182,1.1699999999999875,0.03132451307773587
CelNet,6,0.2,0,78.12,0.6286507368087768,5.72999999999999,0.14448078076839443
CelNet,6,0.2,1,78.56,0.6418096296310425,5.289999999999992,0.1576396735906601
CelNet,6,0.2,2,77.09,0.6821983749866486,6.759999999999991,0.19802841894626622
CelNet,6,0.2,3,79.5,0.5947822149276734,4.349999999999994,0.11061225888729098
CelNet,6,0.2,4,78.63,0.6563749808073044,5.219999999999999,0.172205024766922
CelNet,7,0.0,0,83.59,0.47858973557949064,0.0,0.0
CelNet,7,0.01,0,83.56,0.47890208077430724,0.030000000000001137,0.00031234519481659895
CelNet,7,0.01,1,83.66,0.4785072751998901,-0.06999999999999318,-8.24603796005241e-05
CelNet,7,0.01,2,83.72,0.47807596142292025,-0.12999999999999545,-0.0005137741565703902
CelNet,7,0.01,3,83.54,0.47873698153495786,0.04999999999999716,0.0001472459554672234
CelNet,7,0.01,4,83.55,0.47850422019958494,0.04000000000000625,-8.551537990569846e-05
CelNet,7,0.02,0,83.57,0.4798264442682266,0.020000000000010232,0.001236708688735988
CelNet,7,0.02,1,83.59,0.4795185554265976,0.0,0.0009288198471069653
CelNet,7,0.02,2,83.76,0.47811965131759643,-0.1700000000000017,-0.00047008426189421026
CelNet,7,0.02,3,83.47,0.47939532449245453,0.12000000000000455,0.0008055889129638949
CelNet,7,0.02,4,83.53,0.4790358518123627,0.060000000000002274,0.0004461162328720514
CelNet,7,0.05,0,83.29,0.4867109982728958,0.29999999999999716,0.008121262693405185
CelNet,7,0.05,1,83.21,0.48966229734420774,0.38000000000000966,0.011072561764717104
CelNet,7,0.05,2,83.48,0.4814046467781067,0.10999999999999943,0.0028149111986160436
CelNet,7,0.05,3,83.39,0.4845568176984787,0.20000000000000284,0.005967082118988054
CelNet,7,0.05,4,83.31,0.4848143964767456,0.28000000000000114,0.0062246608972549855
CelNet,7,0.1,0,82.57,0.5134241957187653,1.0200000000000102,0.03483446013927466
CelNet,7,0.1,1,81.97,0.5309336330890656,1.6200000000000045,0.052343897509574966
CelNet,7,0.1,2,83.01,0.4969542430639267,0.5799999999999983,0.018364507484436077
CelNet,7,0.1,3,82.63,0.5056745248794555,0.960000000000008,0.027084789299964884
CelNet,7,0.1,4,82.36,0.5103573086261749,1.230000000000004,0.03176757304668426
CelNet,7,0.2,0,78.13,0.6417647555828094,5.460000000000008,0.1631750200033188
CelNet,7,0.2,1,75.76,0.7230869072914123,7.829999999999998,0.2444971717119217
CelNet,7,0.2,2,80.45,0.5728443840980529,3.1400000000000006,0.0942546485185623
CelNet,7,0.2,3,79.46,0.607108412694931,4.13000000000001,0.12851867711544035
CelNet,7,0.2,4,78.55,0.6403530770778656,5.040000000000006,0.16176334149837496
CelNet,8,0.0,0,80.64,0.5753292264938354,0.0,0.0
CelNet,8,0.01,0,80.72,0.574701232433319,-0.0799999999999983,-0.0006279940605163903
CelNet,8,0.01,1,80.69,0.5735445171833038,-0.04999999999999716,-0.0017847093105316514
CelNet,8,0.01,2,80.75,0.570908223772049,-0.10999999999999943,-0.004421002721786471
CelNet,8,0.01,3,80.55,0.5764584921360015,0.09000000000000341,0.0011292656421660885
CelNet,8,0.01,4,80.49,0.5769522299289703,0.15000000000000568,0.0016230034351348843
CelNet,8,0.02,0,80.86,0.5746231208324433,-0.21999999999999886,-0.0007061056613921757
CelNet,8,0.02,1,80.76,0.5727660286426545,-0.12000000000000455,-0.002563197851180976
CelNet,8,0.02,2,80.94,0.5675583482742309,-0.29999999999999716,-0.007770878219604538
CelNet,8,0.02,3,80.49,0.577915620803833,0.15000000000000568,0.0025863943099975195
CelNet,8,0.02,4,80.36,0.5792267844676972,0.28000000000000114,0.0038975579738617094
CelNet,8,0.05,0,80.97,0.5776697849273682,-0.3299999999999983,0.002340558433532758
CelNet,8,0.05,1,80.81,0.5760715358734131,-0.1700000000000017,0.0007423093795776436
CelNet,8,0.05,2,81.19,0.5634034011363983,-0.5499999999999972,-0.011925825357437136
CelNet,8,0.05,3,80.22,0.58474689078331,0.4200000000000017,0.009417664289474548
CelNet,8,0.05,4,80.02,0.5893216071128845,0.6200000000000045,0.01399238061904906
CelNet,8,0.1,0,80.6,0.5942348447799682,0.04000000000000625,0.018905618286132797
CelNet,8,0.1,1,80.19,0.6024917338848114,0.45000000000000284,0.02716250739097592
CelNet,8,0.1,2,80.99,0.5764412121295929,-0.3499999999999943,0.0011119856357574287
CelNet,8,0.1,3,79.8,0.6043512912273407,0.8400000000000034,0.029022064733505215
CelNet,8,0.1,4,79.24,0.6168939012527466,1.4000000000000057,0.041564674758911124
CelNet,8,0.2,0,77.68,0.6844153793811798,2.9599999999999937,0.10908615288734436
CelNet,8,0.2,1,75.91,0.755872454071045,4.730000000000004,0.18054322757720953
CelNet,8,0.2,2,77.4,0.6900096977233887,3.239999999999995,0.11468047122955327
CelNet,8,0.2,3,77.5,0.680026579618454,3.1400000000000006,0.10469735312461859
CelNet,8,0.2,4,76.07,0.7171736951828003,4.570000000000007,0.14184446868896483
CelNet,9,0.0,0,83.28,0.48288271005153655,0.0,0.0
CelNet,9,0.01,0,83.23,0.4843384468078613,0.04999999999999716,0.0014557367563247658
CelNet,9,0.01,1,83.22,0.4825506161928177,0.060000000000002274,-0.00033209385871885155
CelNet,9,0.01,2,83.25,0.48214083762168886,0.030000000000001137,-0.0007418724298476898
CelNet,9,0.01,3,83.25,0.48283419954776763,0.030000000000001137,-4.851050376891708e-05
CelNet,9,0.01,4,83.32,0.4828352118968964,-0.03999999999999204,-4.749815464016871e-05
CelNet,9,0.02,0,83.19,0.4868524718284607,0.09000000000000341,0.003969761776924152
CelNet,9,0.02,1,83.23,0.4829576673746109,0.04999999999999716,7.495732307433167e-05
CelNet,9,0.02,2,83.26,0.4820500827550888,0.01999999999999602,-0.0008326272964477299
CelNet,9,0.02,3,83.2,0.4832440153121948,0.0799999999999983,0.0003613052606582512
CelNet,9,0.02,4,83.27,0.4835574299812317,0.010000000000005116,0.0006747199296951445
CelNet,9,0.05,0,83.04,0.5004620512485504,0.23999999999999488,0.01757934119701382
CelNet,9,0.05,1,83.22,0.4885924541473389,0.060000000000002274,0.005709744095802327
CelNet,9,0.05,2,83.13,0.4855449880599976,0.15000000000000568,0.0026622780084610276
CelNet,9,0.05,3,83.07,0.48755703353881835,0.21000000000000796,0.004674323487281806
CelNet,9,0.05,4,83.3,0.49043971972465517,-0.01999999999999602,0.00755700967311862
CelNet,9,0.1,0,81.72,0.5465119572162628,1.5600000000000023,0.06362924716472623
CelNet,9,0.1,1,82.69,0.5122950947761535,0.5900000000000034,0.02941238472461699
CelNet,9,0.1,2,82.61,0.5056295203208924,0.6700000000000017,0.02274681026935582
CelNet,9,0.1,3,82.67,0.5059144980430603,0.6099999999999994,0.023031787991523778
CelNet,9,0.1,4,82.68,0.5168116219520569,0.5999999999999943,0.03392891190052033
CelNet,9,0.2,0,75.42,0.7610057869911194,7.859999999999999,0.2781230769395829
CelNet,9,0.2,1,78.95,0.6304544147968292,4.329999999999998,0.14757170474529263
CelNet,9,0.2,2,78.91,0.6141949642181397,4.3700000000000045,0.13131225416660314
CelNet,9,0.2,3,79.7,0.5982467121124267,3.5799999999999983,0.1153640020608902
CelNet,9,0.2,4,78.49,0.6334131786346435,4.790000000000006,0.15053046858310698
CE,1,0.0,0,86.79,0.5093925337314605,0.0,0.0
CE,1,0.01,0,86.79,0.5129503367900848,0.0,0.003557803058624298
CE,1,0.01,1,86.79,0.5107452633857728,0.0,0.0013527296543122125
CE,1,0.01,2,86.69,0.5083927839279175,0.10000000000000853,-0.0009997498035430041
CE,1,0.01,3,86.89,0.5097919287681579,-0.09999999999999432,0.00039939503669739196
CE,1,0.01,4,86.78,0.5122316166877746,0.010000000000005116,0.0028390829563140763
CE,1,0.02,0,86.77,0.5178727149009704,0.020000000000010232,0.008480181169509882
CE,1,0.02,1,86.79,0.5133591710567474,0.0,0.003966637325286904
CE,1,0.02,2,86.8,0.5095061175823211,-0.009999999999990905,0.00011358385086057687
CE,1,0.02,3,86.99,0.5127880606174469,-0.19999999999998863,0.003395526885986322
CE,1,0.02,4,86.63,0.517448728466034,0.1600000000000108,0.008056194734573419
CE,1,0.05,0,86.31,0.541038121509552,0.480000000000004,0.031645587778091455
CE,1,0.05,1,86.49,0.5294528044223785,0.30000000000001137,0.02006027069091798
CE,1,0.05,2,86.23,0.5248714910507202,0.5600000000000023,0.015478957319259634
CE,1,0.05,3,86.12,0.5382851665496826,0.6700000000000017,0.028892632818222075
CE,1,0.05,4,86.1,0.5483458606243133,0.6900000000000119,0.0389533268928528
CE,1,0.1,0,84.97,0.6160952886104584,1.8200000000000074,0.10670275487899783
CE,1,0.1,1,84.81,0.5929786050319672,1.980000000000004,0.08358607130050666
CE,1,0.1,2,84.28,0.5952190093994141,2.510000000000005,0.08582647566795354
CE,1,0.1,3,83.92,0.658532470369339,2.8700000000000045,0.1491399366378785
CE,1,0.1,4,84.02,0.6525553922653198,2.7700000000000102,0.14316285853385924
CE,1,0.2,0,76.79,0.9820825102806091,10.0,0.47268997654914857
CE,1,0.2,1,77.35,0.9376378131866455,9.440000000000012,0.428245279455185
CE,1,0.2,2,76.39,0.9705323194503784,10.400000000000006,0.4611397857189179
CE,1,0.2,3,70.69,1.4153117111206055,16.10000000000001,0.905919177389145
CE,1,0.2,4,72.13,1.2779366719722747,14.66000000000001,0.7685441382408141
CE,2,0.0,0,86.28,0.5284542834281921,0.0,0.0
CE,2,0.01,0,86.22,0.5286788793563842,0.060000000000002274,0.00022459592819212837
CE,2,0.01,1,86.39,0.5307638401031494,-0.10999999999999943,0.002309556674957247
CE,2,0.01,2,86.34,0.5307975001335145,-0.060000000000002274,0.0023432167053223374
CE,2,0.01,3,86.29,0.5282217088699341,-0.010000000000005116,-0.0002325745582579808
CE,2,0.01,4,86.26,0.5280448897838592,0.01999999999999602,-0.0004093936443329005
CE,2,0.02,0,86.08,0.5322286577224732,0.20000000000000284,0.0037743742942810687
CE,2,0.02,1,86.28,0.534466623210907,0.0,0.006012339782714871
CE,2,0.02,2,86.32,0.5350130621910095,-0.03999999999999204,0.006558778762817408
CE,2,0.02,3,86.29,0.5297717088699341,-0.010000000000005116,0.0013174254417419595
CE,2,0.02,4,86.26,0.5303077180862427,0.01999999999999602,0.0018534346580505456
CE,2,0.05,0,85.17,0.5634852001190186,1.1099999999999994,0.035030916690826475
CE,2,0.05,1,86.07,0.5517623600959778,0.21000000000000796,0.02330807666778567
CE,2,0.05,2,85.75,0.5592631319999695,0.5300000000000011,0.030808848571777347
CE,2,0.05,3,85.81,0.544198441696167,0.46999999999999886,0.015744158267974928
CE,2,0.05,4,85.87,0.5537933869838715,0.4099999999999966,0.025339103555679365
CE,2,0.1,0,82.79,0.6878228960990905,3.489999999999995,0.1593686126708984
CE,2,0.1,1,84.68,0.613263098526001,1.5999999999999943,0.08480881509780891
CE,2,0.1,2,84.16,0.6384596231460571,2.1200000000000045,0.11000533971786497
CE,2,0.1,3,84.44,0.6116145253658295,1.8400000000000034,0.08316024193763738
CE,2,0.1,4,83.54,0.6566554438591004,2.739999999999995,0.12820116043090823
CE,2,0.2,0,70.27,1.2679564712524414,16.010000000000005,0.7395021878242493
CE,2,0.2,1,78.03,0.9219547949790955,8.25,0.3935005115509034
CE,2,0.2,2,76.9,0.963999059009552,9.379999999999995,0.43554477558135984
CE,2,0.2,3,76.47,0.9719866297721863,9.810000000000002,0.4435323463439942
CE,2,0.2,4,74.57,1.130653120613098,11.710000000000008,0.602198837184906
CE,3,0.0,0,86.64,0.5227265665531159,0.0,0.0
CE,3,0.01,0,86.67,0.5243643184661865,-0.030000000000001137,0.0016377519130705842
CE,3,0.01,1,86.75,0.523987214422226,-0.10999999999999943,0.0012606478691100653
CE,3,0.01,2,86.84,0.5235897162437438,-0.20000000000000284,0.0008631496906279512
CE,3,0.01,3,86.72,0.5258435568332672,-0.0799999999999983,0.0031169902801513327
CE,3,0.01,4,86.7,0.5210615642547607,-0.060000000000002274,-0.0016650022983552004
CE,3,0.02,0,86.56,0.5276376623153687,0.0799999999999983,0.004911095762252793
CE,3,0.02,1,86.78,0.526677218914032,-0.14000000000000057,0.003950652360916074
CE,3,0.02,2,86.75,0.5261264948844909,-0.10999999999999943,0.003399928331375035
CE,3,0.02,3,86.7,0.5315940128803254,-0.060000000000002274,0.008867446327209483
CE,3,0.02,4,86.62,0.52188371591568,0.01999999999999602,-0.0008428506374359435
CE,3,0.05,0,86.12,0.5470636823654175,0.519999999999996,0.02433711581230158
CE,3,0.05,1,86.62,0.5454048569202423,0.01999999999999602,0.02267829036712643
CE,3,0.05,2,86.46,0.5431948716163635,0.18000000000000682,0.020468305063247594
CE,3,0.05,3,86.36,0.5645579988956452,0.28000000000000114,0.041831432342529284
CE,3,0.05,4,86.31,0.5387193040370941,0.3299999999999983,0.015992737483978225
CE,3,0.1,0,84.49,0.6175153942108155,2.1500000000000057,0.09478882765769958
CE,3,0.1,1,85.35,0.6144488832950592,1.2900000000000063,0.09172231674194331
CE,3,0.1,2,84.81,0.6095542318344116,1.8299999999999983,0.08682766528129571
CE,3,0.1,3,84.44,0.6727685131549835,2.200000000000003,0.15004194660186765
CE,3,0.1,4,84.12,0.6248164098262787,2.519999999999996,0.10208984327316284
CE,3,0.2,0,76.21,0.9941204444885254,10.430000000000007,0.47139387793540954
CE,3,0.2,1,78.88,0.9281155059814453,7.760000000000005,0.40538893942832943
CE,3,0.2,2,76.94,0.9651601006507874,9.700000000000003,0.4424335340976715
CE,3,0.2,3,73.98,1.2223474208831786,12.659999999999997,0.6996208543300627
CE,3,0.2,4,72.65,1.190242507171631,13.989999999999995,0.667515940618515
CE,4,0.0,0,86.55,0.5171417807579041,0.0,0.0
CE,4,0.01,0,86.75,0.5171584906578064,-0.20000000000000284,1.6709899902322967e-05
CE,4,0.01,1,86.54,0.5162728172302246,0.009999999999990905,-0.0008689635276795116
CE,4,0.01,2,86.64,0.5182245890617371,-0.09000000000000341,0.001082808303833005
CE,4,0.01,3,86.65,0.5155927968025208,-0.10000000000000853,-0.0015489839553832763
CE,4,0.01,4,86.65,0.5178841951847076,-0.10000000000000853,0.0007424144268035615
CE,4,0.02,0,86.67,0.5188022497177124,-0.12000000000000455,0.0016604689598083144
CE,4,0.02,1,86.48,0.5169486288070678,0.06999999999999318,-0.0001931519508362456
CE,4,0.02,2,86.62,0.5209548577308655,-0.07000000000000739,0.0038130769729614045
CE,4,0.02,3,86.71,0.5149372311592102,-0.1599999999999966,-0.0022045495986938723
CE,4,0.02,4,86.62,0.5200289579391479,-0.07000000000000739,0.002887177181243872
CE,4,0.05,0,86.13,0.5356704564571381,0.4200000000000017,0.018528675699234
CE,4,0.05,1,86.26,0.5315751359939576,0.28999999999999204,0.014433355236053491
CE,4,0.05,2,86.36,0.5398674013137817,0.18999999999999773,0.02272562055587768
CE,4,0.05,3,86.48,0.5197750922203064,0.06999999999999318,0.00263331146240231
CE,4,0.05,4,86.25,0.5365714388847351,0.29999999999999716,0.019429658126831062
CE,4,0.1,0,84.21,0.6123802503108978,2.3400000000000034,0.09523846955299375
CE,4,0.1,1,84.72,0.6075313433647156,1.8299999999999983,0.09038956260681152
CE,4,0.1,2,84.75,0.6166329875946045,1.7999999999999972,0.09949120683670043
CE,4,0.1,3,85.46,0.5555075404167176,1.0900000000000034,0.0383657596588135
CE,4,0.1,4,84.21,0.6146561346530914,2.3400000000000034,0.09751435389518737
CE,4,0.2,0,74.37,1.0814339344024657,12.179999999999993,0.5642921536445616
CE,4,0.2,1,73.97,1.091696804523468,12.579999999999998,0.574555023765564
CE,4,0.2,2,76.77,0.9984629857063293,9.780000000000001,0.48132120494842523
CE,4,0.2,3,79.76,0.7671886952400208,6.789999999999992,0.2500469144821167
CE,4,0.2,4,73.76,1.1085917754173278,12.789999999999992,0.5914499946594237
CE,5,0.0,0,86.9,0.5270005730628967,0.0,0.0
CE,5,0.01,0,86.76,0.529010186958313,0.14000000000000057,0.002009613895416318
CE,5,0.01,1,86.8,0.5290931707382203,0.10000000000000853,0.0020925976753235487
CE,5,0.01,2,86.84,0.5287227727890015,0.060000000000002274,0.0017221997261047672
CE,5,0.01,3,86.88,0.5270476276397705,0.020000000000010232,4.705457687381731e-05
CE,5,0.01,4,86.83,0.5282875179290771,0.07000000000000739,0.0012869448661804173
CE,5,0.02,0,86.72,0.5328606308937073,0.18000000000000682,0.005860057830810561
CE,5,0.02,1,86.66,0.533950923538208,0.2400000000000091,0.00695035047531134
CE,5,0.02,2,86.77,0.5333343523025512,0.13000000000000966,0.006333779239654502
CE,5,0.02,3,86.97,0.528695248222351,-0.06999999999999318,0.0016946751594543175
CE,5,0.02,4,86.58,0.5322839530944824,0.3200000000000074,0.005283380031585683
CE,5,0.05,0,86.13,0.5561020807266235,0.7700000000000102,0.029101507663726767
CE,5,0.05,1,85.66,0.5684916774749755,1.240000000000009,0.041491104412078816
CE,5,0.05,2,85.92,0.5667317048072815,0.980000000000004,0.03973113174438481
CE,5,0.05,3,86.52,0.5417643441200256,0.38000000000000966,0.014763771057128894
CE,5,0.05,4,85.91,0.5622823247909546,0.9900000000000091,0.03528175172805792
CE,5,0.1,0,83.86,0.6478340956687927,3.0400000000000063,0.12083352260589597
CE,5,0.1,1,82.6,0.7102810371398925,4.300000000000011,0.18328046407699583
CE,5,0.1,2,82.76,0.7069118099212647,4.140000000000001,0.17991123685836796
CE,5,0.1,3,85.36,0.5925432717323303,1.5400000000000063,0.06554269866943363
CE,5,0.1,4,82.77,0.6779964656829834,4.13000000000001,0.15099589262008672
CE,5,0.2,0,73.12,1.1792046780586243,13.780000000000001,0.6522041049957276
CE,5,0.2,1,68.03,1.4370663721084596,18.870000000000005,0.9100657990455628
CE,5,0.2,2,68.05,1.5932007446289063,18.85000000000001,1.0662001715660097
CE,5,0.2,3,79.66,0.8357388877868652,7.240000000000009,0.3087383147239685
CE,5,0.2,4,71.21,1.2144863117218017,15.690000000000012,0.6874857386589049
CE,6,0.0,0,86.23,0.531722774887085,0.0,0.0
CE,6,0.01,0,86.14,0.5339265191078186,0.09000000000000341,0.002203744220733661
CE,6,0.01,1,86.26,0.5300685585021973,-0.030000000000001137,-0.001654216384887719
CE,6,0.01,2,86.15,0.5304355174064637,0.0799999999999983,-0.0012872574806213066
CE,6,0.01,3,86.1,0.5340527280807496,0.13000000000000966,0.00232995319366458
CE,6,0.01,4,86.25,0.5330389931678772,-0.01999999999999602,0.001316218280792203
CE,6,0.02,0,86.06,0.5372629179000854,0.1700000000000017,0.0055401430130004314
CE,6,0.02,1,86.26,0.5303312600135803,-0.030000000000001137,-0.00139151487350464
CE,6,0.02,2,86.32,0.5313082243919373,-0.0899999999999892,-0.00041455049514771414
CE,6,0.02,3,86.04,0.5381883845329285,0.18999999999999773,0.006465609645843529
CE,6,0.02,4,86.24,0.5373926542282105,-0.009999999999990905,0.0056698793411255055
CE,6,0.05,0,85.95,0.5558760278701782,0.28000000000000114,0.024153252983093232
CE,6,0.05,1,85.79,0.5441752215385437,0.4399999999999977,0.012452446651458726
CE,6,0.05,2,85.99,0.5467129794120789,0.2400000000000091,0.014990204524993889
CE,6,0.05,3,85.55,0.5630724400520325,0.6800000000000068,0.03134966516494753
CE,6,0.05,4,85.55,0.5698832035541535,0.6800000000000068,0.03816042866706848
CE,6,0.1,0,84.85,0.6171957852363587,1.3800000000000097,0.08547301034927368
CE,6,0.1,1,84.06,0.6155118447303772,2.1700000000000017,0.08378906984329226
CE,6,0.1,2,84.18,0.6210934163093567,2.049999999999997,0.08937064142227169
CE,6,0.1,3,83.56,0.6490736187934876,2.6700000000000017,0.1173508439064026
CE,6,0.1,4,82.85,0.6976433145523071,3.3800000000000097,0.16592053966522213
CE,6,0.2,0,79.23,0.8901039809226989,7.0,0.35838120603561396
CE,6,0.2,1,75.19,1.0043397503852844,11.040000000000006,0.4726169754981995
CE,6,0.2,2,75.64,1.044227060508728,10.590000000000003,0.5125042856216431
CE,6,0.2,3,73.84,1.0882330495834351,12.39,0.5565102746963502
CE,6,0.2,4,69.75,1.418481717300415,16.480000000000004,0.88675894241333
CE,7,0.0,0,86.56,0.526361045885086,0.0,0.0
CE,7,0.01,0,86.58,0.5254256303787231,-0.01999999999999602,-0.0009354155063628911
CE,7,0.01,1,86.48,0.5263445087432861,0.0799999999999983,-1.653714179994381e-05
CE,7,0.01,2,86.51,0.5259611197471619,0.04999999999999716,-0.000399926137924167
CE,7,0.01,3,86.62,0.5263241049289703,-0.060000000000002274,-3.694095611572745e-05
CE,7,0.01,4,86.61,0.52612818441391,-0.04999999999999716,-0.00023286147117607126
CE,7,0.02,0,86.3,0.5272666776657104,0.2600000000000051,0.0009056317806244163
CE,7,0.02,1,86.33,0.5278559771060943,0.23000000000000398,0.0014949312210083
CE,7,0.02,2,86.36,0.5272401988983154,0.20000000000000284,0.0008791530132293834
CE,7,0.02,3,86.5,0.5282259970664978,0.060000000000002274,0.0018649511814117226
CE,7,0.02,4,86.67,0.5269158617973327,-0.10999999999999943,0.0005548159122467089
CE,7,0.05,0,85.69,0.550597811794281,0.8700000000000045,0.02423676590919499
CE,7,0.05,1,85.94,0.5425308502197266,0.6200000000000045,0.016169804334640547
CE,7,0.05,2,86.24,0.5395775157928466,0.3200000000000074,0.013216469907760597
CE,7,0.05,3,86.16,0.5467782072067261,0.4000000000000057,0.020417161321640065
CE,7,0.05,4,86.3,0.5373874164581299,0.2600000000000051,0.011026370573043898
CE,7,0.1,0,83.17,0.6508795640945435,3.3900000000000006,0.12451851820945747
CE,7,0.1,1,84.2,0.6090249974727631,2.3599999999999994,0.08266395158767703
CE,7,0.1,2,85.06,0.5886562442779542,1.5,0.06229519839286812
CE,7,0.1,3,84.37,0.6237485342979431,2.1899999999999977,0.09738748841285705
CE,7,0.1,4,84.55,0.5883933913230897,2.010000000000005,0.06203234543800362
CE,7,0.2,0,73.04,1.1050631601333618,13.519999999999996,0.5787021142482758
CE,7,0.2,1,75.91,0.9666881436347962,10.650000000000006,0.44032709774971013
CE,7,0.2,2,78.61,0.8835996267318725,7.950000000000003,0.3572385808467865
CE,7,0.2,3,75.64,1.0180348892211915,10.920000000000002,0.4916738433361054
CE,7,0.2,4,77.2,0.8723582668304444,9.36,0.34599722094535834
CE,8,0.0,0,86.59,0.520685048532486,0.0,0.0
CE,8,0.01,0,86.68,0.5215959016084671,-0.09000000000000341,0.0009108530759811551
CE,8,0.01,1,86.61,0.5207013523101807,-0.01999999999999602,1.630377769468172e-05
CE,8,0.01,2,86.72,0.5214731082439422,-0.12999999999999545,0.0007880597114562349
CE,8,0.01,3,86.62,0.5220943698644638,-0.030000000000001137,0.0014093213319777975
CE,8,0.01,4,86.67,0.5228497591495513,-0.0799999999999983,0.0021647106170653574
CE,8,0.02,0,86.51,0.5246498634815216,0.0799999999999983,0.0039648149490356666
CE,8,0.02,1,86.35,0.5223929550170898,0.2400000000000091,0.0017079064846038383
CE,8,0.02,2,86.53,0.5243998437404632,0.060000000000002274,0.0037147952079772395
CE,8,0.02,3,86.61,0.5260191581249237,-0.01999999999999602,0.005334109592437741
CE,8,0.02,4,86.54,0.5271633165359497,0.04999999999999716,0.0064782680034637385
CE,8,0.05,0,86.33,0.5458926473140716,0.2600000000000051,0.025207598781585627
CE,8,0.05,1,85.96,0.5390192678928375,0.6300000000000097,0.01833421936035151
CE,8,0.05,2,85.97,0.5449266706466674,0.6200000000000045,0.02424162211418146
CE,8,0.05,3,85.76,0.5537991060018539,0.8299999999999983,0.03311405746936791
CE,8,0.05,4,86.21,0.5526693918466568,0.38000000000000966,0.03198434331417077
CE,8,0.1,0,84.71,0.6211860747814179,1.8800000000000097,0.10050102624893187
CE,8,0.1,1,84.33,0.6038806772232056,2.260000000000005,0.08319562869071961
CE,8,0.1,2,84.34,0.6130738029479981,2.25,0.09238875441551209
CE,8,0.1,3,83.66,0.652452418923378,2.930000000000007,0.13176737039089204
CE,8,0.1,4,84.47,0.63611645154953,2.1200000000000045,0.11543140301704402
CE,8,0.2,0,77.71,0.9517797035217285,8.88000000000001,0.4310946549892425
CE,8,0.2,1,75.98,0.94482135887146,10.61,0.42413631033897403
CE,8,0.2,2,76.29,0.9505345985412598,10.299999999999997,0.4298495500087738
CE,8,0.2,3,73.5,1.1385022767066955,13.090000000000003,0.6178172281742095
CE,8,0.2,4,77.03,0.9859684484481811,9.560000000000002,0.4652833999156951
CE,9,0.0,0,86.36,0.5405205785036087,0.0,0.0
CE,9,0.01,0,86.35,0.5412203769922257,0.010000000000005116,0.0006997984886170094
CE,9,0.01,1,86.42,0.5414533972024917,-0.060000000000002274,0.0009328186988830645
CE,9,0.01,2,86.37,0.541079156255722,-0.010000000000005116,0.0005585777521133206
CE,9,0.01,3,86.46,0.5430078716516494,-0.09999999999999432,0.002487293148040748
CE,9,0.01,4,86.39,0.5427973331451416,-0.030000000000001137,0.0022767546415328743
CE,9,0.02,0,86.31,0.5437722259998321,0.04999999999999716,0.00325164749622342
CE,9,0.02,1,86.45,0.5437966255903244,-0.09000000000000341,0.0032760470867156943
CE,9,0.02,2,86.33,0.5434515569448471,0.030000000000001137,0.002930978441238463
CE,9,0.02,3,86.31,0.5481076987266541,0.04999999999999716,0.007587120223045418
CE,9,0.02,4,86.31,0.5472269151449204,0.04999999999999716,0.006706336641311705
CE,9,0.05,0,85.95,0.5623922498226166,0.4099999999999966,0.021871671319007913
CE,9,0.05,1,86.15,0.5598345528125763,0.20999999999999375,0.01931397430896764
CE,9,0.05,2,85.92,0.5602800454378128,0.4399999999999977,0.019759466934204162
CE,9,0.05,3,85.75,0.580364166879654,0.6099999999999994,0.03984358837604529
CE,9,0.05,4,85.84,0.5724443247556686,0.519999999999996,0.03192374625205996
CE,9,0.1,0,84.73,0.6295535481929779,1.6299999999999955,0.08903296968936925
CE,9,0.1,1,84.66,0.6245711421966553,1.7000000000000028,0.08405056369304664
CE,9,0.1,2,84.23,0.6295295403003692,2.1299999999999955,0.08900896179676054
CE,9,0.1,3,83.27,0.6976571022510528,3.0900000000000034,0.15713652374744413
CE,9,0.1,4,84.01,0.6557538246631622,2.3499999999999943,0.11523324615955355
CE,9,0.2,0,76.97,0.9808041417121888,9.39,0.4402835632085801
CE,9,0.2,1,76.06,1.0040177909851074,10.299999999999997,0.46349721248149867
CE,9,0.2,2,76.66,0.9844038002729416,9.700000000000003,0.4438832217693329
CE,9,0.2,3,72.44,1.2612024938583375,13.920000000000002,0.7206819153547288
CE,9,0.2,4,74.33,1.071618504333496,12.030000000000001,0.5310979258298874
KD,1,0.0,0,87.26,0.5131960420131684,0.0,0.0
KD,1,0.01,0,87.21,0.5149285187244416,0.05000000000001137,0.0017324767112731898
KD,1,0.01,1,87.33,0.515462009716034,-0.06999999999999318,0.002265967702865579
KD,1,0.01,2,87.21,0.515176873922348,0.05000000000001137,0.0019808319091796367
KD,1,0.01,3,87.33,0.51489187541008,-0.06999999999999318,0.0016958333969115946
KD,1,0.01,4,87.15,0.5185615878105163,0.10999999999999943,0.005365545797347937
KD,1,0.02,0,87.3,0.5184291434764862,-0.03999999999999204,0.005233101463317791
KD,1,0.02,1,87.27,0.5192725568771362,-0.009999999999990905,0.0060765148639678745
KD,1,0.02,2,87.14,0.5184974732875824,0.12000000000000455,0.00530143127441407
KD,1,0.02,3,87.3,0.5182931495189667,-0.03999999999999204,0.005097107505798282
KD,1,0.02,4,86.99,0.5267742105484009,0.27000000000001023,0.013578168535232527
KD,1,0.05,0,86.87,0.5387776932716369,0.39000000000000057,0.025581651258468563
KD,1,0.05,1,87.11,0.5399398971557617,0.15000000000000568,0.026743855142593365
KD,1,0.05,2,86.95,0.5365893845558166,0.3100000000000023,0.023393342542648243
KD,1,0.05,3,86.66,0.5395132245540619,0.6000000000000085,0.026317182540893547
KD,1,0.05,4,86.27,0.5674604073524475,0.9900000000000091,0.05426436533927914
KD,1,0.1,0,85.1,0.6172479294776917,2.160000000000011,0.10405188746452332
KD,1,0.1,1,85.69,0.6088639324188232,1.5700000000000074,0.09566789040565482
KD,1,0.1,2,85.68,0.5968235811233521,1.5799999999999983,0.08362753911018372
KD,1,0.1,3,85.01,0.6173834086418152,2.25,0.1041873666286468
KD,1,0.1,4,83.7,0.6858944660663605,3.5600000000000023,0.17269842405319213
KD,1,0.2,0,76.55,1.0378577822685242,10.710000000000008,0.5246617402553558
KD,1,0.2,1,79.57,0.9003593737602233,7.690000000000012,0.387163331747055
KD,1,0.2,2,79.45,0.9045900625228882,7.810000000000002,0.39139402050971983
KD,1,0.2,3,74.5,1.0869995121002198,12.760000000000005,0.5738034700870515
KD,1,0.2,4,71.38,1.275370059967041,15.88000000000001,0.7621740179538726
KD,2,0.0,0,87.45,0.5003161710262298,0.0,0.0
KD,2,0.01,0,87.37,0.5023683724403382,0.0799999999999983,0.0020522014141083345
KD,2,0.01,1,87.43,0.5020505916833877,0.01999999999999602,0.001734420657157898
KD,2,0.01,2,87.46,0.5024274322032929,-0.009999999999990905,0.002111261177063062
KD,2,0.01,3,87.24,0.5023639071941376,0.21000000000000796,0.0020477361679077655
KD,2,0.01,4,87.56,0.5024097810268402,-0.10999999999999943,0.0020936100006103686
KD,2,0.02,0,87.35,0.5054658764839173,0.10000000000000853,0.005149705457687448
KD,2,0.02,1,87.39,0.5051904294490814,0.060000000000002274,0.004874258422851607
KD,2,0.02,2,87.36,0.5055196723937988,0.09000000000000341,0.0052035013675689745
KD,2,0.02,3,87.13,0.5071523735046387,0.3200000000000074,0.0068362024784088815
KD,2,0.02,4,87.4,0.5063220439434052,0.04999999999999716,0.006005872917175359
KD,2,0.05,0,87.05,0.5218020278692246,0.4000000000000057,0.021485856842994755
KD,2,0.05,1,87.07,0.5223852242469788,0.38000000000000966,0.022069053220748924
KD,2,0.05,2,87.1,0.5212843095779419,0.3500000000000085,0.02096813855171209
KD,2,0.05,3,86.53,0.5373188124895096,0.9200000000000017,0.037002641463279806
KD,2,0.05,4,86.97,0.5293641167402268,0.480000000000004,0.029047945713996937
KD,2,0.1,0,85.87,0.5714069444537163,1.5799999999999983,0.07109077342748649
KD,2,0.1,1,86.03,0.5808231246471405,1.4200000000000017,0.08050695362091065
KD,2,0.1,2,86.02,0.5695498178243638,1.4300000000000068,0.06923364679813393
KD,2,0.1,3,84.33,0.6439676553249359,3.1200000000000045,0.1436514842987061
KD,2,0.1,4,85.34,0.6072345815300941,2.1099999999999994,0.1069184105038643
KD,2,0.2,0,80.71,0.7892697992563248,6.740000000000009,0.28895362823009496
KD,2,0.2,1,79.06,0.9032452527999878,8.39,0.40292908177375797
KD,2,0.2,2,81.2,0.7936744378328323,6.25,0.2933582668066025
KD,2,0.2,3,74.2,1.1543683185577394,13.25,0.6540521475315095
KD,2,0.2,4,75.91,1.070137782406807,11.540000000000006,0.5698216113805772
KD,3,0.0,0,87.37,0.507401434469223,0.0,0.0
KD,3,0.01,0,87.38,0.5061156659364701,-0.009999999999990905,-0.0012857685327529733
KD,3,0.01,1,87.38,0.5091071232557297,-0.009999999999990905,0.001705688786506676
KD,3,0.01,2,87.26,0.5079113024473191,0.10999999999999943,0.0005098679780960458
KD,3,0.01,3,87.23,0.5100045638084412,0.14000000000000057,0.0026031293392181354
KD,3,0.01,4,87.22,0.5113140547752381,0.15000000000000568,0.003912620306015024
KD,3,0.02,0,87.34,0.5076331679344177,0.030000000000001137,0.0002317334651946723
KD,3,0.02,1,87.25,0.5123417367696762,0.12000000000000455,0.00494030230045317
KD,3,0.02,2,87.32,0.5103324447154999,0.05000000000001137,0.002931010246276844
KD,3,0.02,3,87.13,0.5136651937246323,0.2400000000000091,0.006263759255409229
KD,3,0.02,4,87.06,0.5184773170232773,0.3100000000000023,0.011075882554054228
KD,3,0.05,0,86.72,0.5304190457582474,0.6500000000000057,0.023017611289024353
KD,3,0.05,1,86.73,0.53038197016716,0.6400000000000006,0.02298053569793701
KD,3,0.05,2,86.81,0.5281517895460128,0.5600000000000023,0.020750355076789795
KD,3,0.05,3,86.79,0.532139247751236,0.5799999999999983,0.024737813282012966
KD,3,0.05,4,86.41,0.56108562002182,0.960000000000008,0.05368418555259702
KD,3,0.1,0,84.41,0.646663476228714,2.960000000000008,0.13926204175949097
KD,3,0.1,1,85.27,0.5978769032001495,2.1000000000000085,0.09047546873092649
KD,3,0.1,2,85.12,0.5952304800510406,2.25,0.08782904558181759
KD,3,0.1,3,85.54,0.5897692770957946,1.8299999999999983,0.0823678426265716
KD,3,0.1,4,83.67,0.7214415174484253,3.700000000000003,0.2140400829792023
KD,3,0.2,0,71.76,1.3398944051742554,15.61,0.8324929707050324
KD,3,0.2,1,76.65,0.9933359178543091,10.719999999999999,0.48593448338508605
KD,3,0.2,2,78.16,0.8921170055389405,9.210000000000008,0.38471557106971743
KD,3,0.2,3,78.74,0.8686381960868835,8.63000000000001,0.3612367616176605
KD,3,0.2,4,66.4,1.7348630439758301,20.97,1.227461609506607
KD,4,0.0,0,87.01,0.5209272759437561,0.0,0.0
KD,4,0.01,0,86.99,0.5206184830665589,0.020000000000010232,-0.00030879287719720594
KD,4,0.01,1,86.94,0.5248242883682251,0.07000000000000739,0.0038970124244690485
KD,4,0.01,2,87.06,0.5205458304405213,-0.04999999999999716,-0.00038144550323482296
KD,4,0.01,3,86.85,0.520807593536377,0.1600000000000108,-0.00011968240737914027
KD,4,0.01,4,86.91,0.5209658405303955,0.10000000000000853,3.8564586639422416e-05
KD,4,0.02,0,86.92,0.5227878775119782,0.09000000000000341,0.0018606015682220978
KD,4,0.02,1,86.81,0.5300698225975037,0.20000000000000284,0.009142546653747585
KD,4,0.02,2,87.01,0.5216273121833801,0.0,0.0007000362396240023
KD,4,0.02,3,86.81,0.5229720051765442,0.20000000000000284,0.0020447292327880895
KD,4,0.02,4,86.9,0.5226240468025207,0.10999999999999943,0.001696770858764629
KD,4,0.05,0,86.46,0.543763879609108,0.5500000000000114,0.022836603665351896
KD,4,0.05,1,86.6,0.553453551197052,0.4100000000000108,0.03252627525329588
KD,4,0.05,2,86.62,0.5346016387939453,0.39000000000000057,0.013674362850189192
KD,4,0.05,3,86.53,0.5418149920463562,0.480000000000004,0.020887716102600096
KD,4,0.05,4,86.47,0.5377895557403565,0.5400000000000063,0.016862279796600377
KD,4,0.1,0,84.03,0.6356390189528466,2.980000000000004,0.11471174300909048
KD,4,0.1,1,85.39,0.6169432752609253,1.6200000000000045,0.0960159993171692
KD,4,0.1,2,85.19,0.5883648074150085,1.8200000000000074,0.06743753147125242
KD,4,0.1,3,84.61,0.6156603200912476,2.4000000000000057,0.09473304414749151
KD,4,0.1,4,85.01,0.5978234324455262,2.0,0.07689615650177006
KD,4,0.2,0,72.78,1.1898138701438903,14.230000000000004,0.6688865942001342
KD,4,0.2,1,81.04,0.8548914722442627,5.969999999999999,0.33396419630050656
KD,4,0.2,2,79.49,0.8186911216735839,7.52000000000001,0.29776384572982784
KD,4,0.2,3,76.61,0.975994966506958,10.400000000000006,0.45506769056320195
KD,4,0.2,4,78.33,0.8905259443283081,8.680000000000007,0.369598668384552
KD,5,0.0,0,87.13,0.4982767951488495,0.0,0.0
KD,5,0.01,0,87.04,0.5000790452480316,0.0899999999999892,0.0018022500991821122
KD,5,0.01,1,87.15,0.49792639875411987,-0.020000000000010232,-0.0003503963947296129
KD,5,0.01,2,87.06,0.499461998462677,0.06999999999999318,0.001185203313827543
KD,5,0.01,3,87.1,0.49980676512718203,0.030000000000001137,0.001529969978332546
KD,5,0.01,4,87.1,0.49762098617553713,0.030000000000001137,-0.0006558089733123551
KD,5,0.02,0,86.98,0.504180260515213,0.14999999999999147,0.005903465366363547
KD,5,0.02,1,87.22,0.49882676491737366,-0.09000000000000341,0.0005499697685241722
KD,5,0.02,2,87.07,0.5030167572021484,0.060000000000002274,0.004739962053298963
KD,5,0.02,3,87.08,0.502670425748825,0.04999999999999716,0.004393630599975551
KD,5,0.02,4,87.23,0.49880317025184634,-0.10000000000000853,0.0005263751029968566
KD,5,0.05,0,86.56,0.5300469877719879,0.5699999999999932,0.031770192623138405
KD,5,0.05,1,87.03,0.512426285123825,0.09999999999999432,0.01414948997497556
KD,5,0.05,2,86.58,0.5265763962268829,0.5499999999999972,0.02829960107803342
KD,5,0.05,3,86.86,0.5185595963478088,0.269999999999996,0.02028280119895931
KD,5,0.05,4,86.76,0.5120434480667114,0.36999999999999034,0.013766652917861943
KD,5,0.1,0,85.0,0.6230081849098206,2.1299999999999955,0.12473138976097109
KD,5,0.1,1,85.52,0.5773795874595642,1.6099999999999994,0.07910279231071471
KD,5,0.1,2,85.08,0.6125712908744813,2.049999999999997,0.11429449572563177
KD,5,0.1,3,85.8,0.5705475058555604,1.3299999999999983,0.07227071070671087
KD,5,0.1,4,85.24,0.5705535908460617,1.8900000000000006,0.07227679569721224
KD,5,0.2,0,76.38,1.0660921476364136,10.75,0.5678153524875641
KD,5,0.2,1,78.66,0.9025557600021362,8.469999999999999,0.40427896485328674
KD,5,0.2,2,77.44,1.0208977255344391,9.689999999999998,0.5226209303855897
KD,5,0.2,3,79.29,0.8183736705780029,7.839999999999989,0.32009687542915344
KD,5,0.2,4,78.25,0.8751969470024109,8.879999999999995,0.3769201518535614
KD,6,0.0,0,87.48,0.5068936639785767,0.0,0.0
KD,6,0.01,0,87.47,0.5089245445728302,0.010000000000005116,0.0020308805942534924
KD,6,0.01,1,87.43,0.5080177166461944,0.04999999999999716,0.0011240526676177254
KD,6,0.01,2,87.39,0.5090431802749634,0.09000000000000341,0.002149516296386711
KD,6,0.01,3,87.54,0.5062862502574921,-0.060000000000002274,-0.0006074137210846375
KD,6,0.01,4,87.39,0.5073166907787323,0.09000000000000341,0.00042302680015560146
KD,6,0.02,0,87.3,0.5125433755874633,0.18000000000000682,0.0056497116088866095
KD,6,0.02,1,87.36,0.510480131149292,0.12000000000000455,0.003586467170715313
KD,6,0.02,2,87.36,0.513202887916565,0.12000000000000455,0.006309223937988273
KD,6,0.02,3,87.4,0.5072017168521881,0.0799999999999983,0.00030805287361135303
KD,6,0.02,4,87.28,0.5095719347000122,0.20000000000000284,0.0026782707214354495
KD,6,0.05,0,86.73,0.5315693185329438,0.75,0.024675654554367044
KD,6,0.05,1,87.05,0.5267561741828919,0.4300000000000068,0.019862510204315176
KD,6,0.05,2,86.77,0.538278188419342,0.710000000000008,0.03138452444076534
KD,6,0.05,3,87.07,0.5184677704811096,0.4100000000000108,0.011574106502532877
KD,6,0.05,4,86.76,0.5261331656455993,0.7199999999999989,0.019239501667022596
KD,6,0.1,0,85.54,0.587438982963562,1.9399999999999977,0.08054531898498529
KD,6,0.1,1,85.68,0.5802482069015503,1.7999999999999972,0.07335454292297361
KD,6,0.1,2,84.69,0.630817063331604,2.7900000000000063,0.12392339935302732
KD,6,0.1,3,85.73,0.5651548560142517,1.75,0.058261192035675036
KD,6,0.1,4,85.53,0.5863202040195465,1.9500000000000028,0.07942654004096983
KD,6,0.2,0,80.0,0.8178273426055909,7.480000000000004,0.31093367862701415
KD,6,0.2,1,80.86,0.8232390278816223,6.6200000000000045,0.3163453639030456
KD,6,0.2,2,75.22,1.145158546257019,12.260000000000005,0.6382648822784424
KD,6,0.2,3,79.67,0.792540231513977,7.810000000000002,0.2856465675354003
KD,6,0.2,4,78.89,0.8490945761680603,8.590000000000003,0.34220091218948356
KD,7,0.0,0,87.27,0.5194727747440339,0.0,0.0
KD,7,0.01,0,87.24,0.5215550720214843,0.030000000000001137,0.0020822972774504622
KD,7,0.01,1,87.22,0.5207421892166137,0.04999999999999716,0.0012694144725798884
KD,7,0.01,2,87.26,0.5173050205230713,0.009999999999990905,-0.0021677542209626033
KD,7,0.01,3,87.18,0.5223304326057434,0.0899999999999892,0.0028576578617095505
KD,7,0.01,4,87.17,0.518850949716568,0.09999999999999432,-0.0006218250274658832
KD,7,0.02,0,87.15,0.5256859412193299,0.11999999999999034,0.006213166475296017
KD,7,0.02,1,87.08,0.5235962850570679,0.18999999999999773,0.00412351031303404
KD,7,0.02,2,87.24,0.5166756621837616,0.030000000000001137,-0.0027971125602722635
KD,7,0.02,3,87.19,0.5259487325191498,0.0799999999999983,0.0064759577751158925
KD,7,0.02,4,87.17,0.5192916589260101,0.09999999999999432,-0.0001811158180237138
KD,7,0.05,0,86.54,0.550727001619339,0.7299999999999898,0.0312542268753051
KD,7,0.05,1,86.62,0.5453867413520813,0.6499999999999915,0.025913966608047456
KD,7,0.05,2,86.96,0.523331068944931,0.3100000000000023,0.0038582942008971166
KD,7,0.05,3,86.76,0.5420870886325836,0.5099999999999909,0.02261431388854973
KD,7,0.05,4,86.83,0.5265508656024933,0.4399999999999977,0.0070780908584594515
KD,7,0.1,0,84.75,0.6329414723396302,2.519999999999996,0.1134686975955963
KD,7,0.1,1,85.13,0.6294721541881562,2.1400000000000006,0.1099993794441223
KD,7,0.1,2,85.83,0.5612845783233642,1.4399999999999977,0.04181180357933034
KD,7,0.1,3,85.74,0.5879361557006836,1.5300000000000011,0.06846338095664972
KD,7,0.1,4,85.78,0.5643344327449799,1.4899999999999949,0.04486165800094599
KD,7,0.2,0,76.72,0.9884494376659393,10.549999999999997,0.46897666292190543
KD,7,0.2,1,76.84,1.0590860273838043,10.429999999999993,0.5396132526397704
KD,7,0.2,2,80.67,0.7463517673492431,6.599999999999994,0.22687899260520927
KD,7,0.2,3,81.01,0.7864564350128174,6.259999999999991,0.2669836602687835
KD,7,0.2,4,80.32,0.7803693635940552,6.950000000000003,0.2608965888500213
KD,8,0.0,0,86.93,0.5340623510837554,0.0,0.0
KD,8,0.01,0,87.05,0.5359791723251343,-0.11999999999999034,0.0019168212413788188
KD,8,0.01,1,86.95,0.5348371423244477,-0.01999999999999602,0.0007747912406922408
KD,8,0.01,2,86.86,0.5364801533699035,0.07000000000000739,0.002417802286148074
KD,8,0.01,3,86.99,0.5341391304492951,-0.05999999999998806,7.677936553962539e-05
KD,8,0.01,4,86.92,0.5367805558681488,0.010000000000005116,0.00271820478439333
KD,8,0.02,0,87.05,0.539228154373169,-0.11999999999999034,0.0051658032894135175
KD,8,0.02,1,86.93,0.5368495676517486,0.0,0.0027872165679931893
KD,8,0.02,2,86.86,0.5395681064605713,0.07000000000000739,0.005505755376815857
KD,8,0.02,3,87.01,0.5352921038150787,-0.0799999999999983,0.001229752731323308
KD,8,0.02,4,87.05,0.5403283413887023,-0.11999999999999034,0.0062659903049469
KD,8,0.05,0,86.63,0.5570574858188629,0.30000000000001137,0.022995134735107503
KD,8,0.05,1,86.66,0.5498051829814911,0.27000000000001023,0.01574283189773562
KD,8,0.05,2,86.66,0.5531588280677795,0.27000000000001023,0.019096476984024058
KD,8,0.05,3,86.76,0.5478148332595825,0.1700000000000017,0.01375248217582703
KD,8,0.05,4,86.72,0.5570156125068665,0.21000000000000796,0.02295326142311105
KD,8,0.1,0,85.42,0.6195795558929443,1.5100000000000051,0.0855172048091889
KD,8,0.1,1,85.22,0.6033448561668396,1.710000000000008,0.0692825050830842
KD,8,0.1,2,85.43,0.5958109990119934,1.5,0.061748647928237976
KD,8,0.1,3,85.5,0.6014076103448868,1.4300000000000068,0.06734525926113133
KD,8,0.1,4,85.77,0.6063706434249878,1.1600000000000108,0.07230829234123237
KD,8,0.2,0,77.81,0.9936835594177246,9.120000000000005,0.45962120833396913
KD,8,0.2,1,78.27,0.916287673664093,8.66000000000001,0.3822253225803376
KD,8,0.2,2,81.39,0.7819243753433227,5.540000000000006,0.24786202425956727
KD,8,0.2,3,79.93,0.885814569234848,7.0,0.3517522181510926
KD,8,0.2,4,80.88,0.8538385222434998,6.050000000000011,0.3197761711597443
KD,9,0.0,0,87.24,0.5163192441940307,0.0,0.0
KD,9,0.01,0,87.27,0.514713665676117,-0.030000000000001137,-0.0016055785179137638
KD,9,0.01,1,87.25,0.5170739886283875,-0.010000000000005116,0.0007547444343567467
KD,9,0.01,2,87.2,0.5175503985404968,0.03999999999999204,0.0012311543464660346
KD,9,0.01,3,87.13,0.5169878900527954,0.10999999999999943,0.0006686458587646937
KD,9,0.01,4,87.27,0.5164407214164733,-0.030000000000001137,0.00012147722244260084
KD,9,0.02,0,87.37,0.5150424338340759,-0.13000000000000966,-0.0012768103599548608
KD,9,0.02,1,87.27,0.519169238948822,-0.030000000000001137,0.0028499947547913074
KD,9,0.02,2,87.06,0.5205129313468934,0.1799999999999926,0.004193687152862613
KD,9,0.02,3,87.08,0.5192505309104919,0.1599999999999966,0.0029312867164611456
KD,9,0.02,4,87.17,0.517765143108368,0.06999999999999318,0.001445898914337218
KD,9,0.05,0,87.07,0.5241767934799194,0.1700000000000017,0.007857549285888665
KD,9,0.05,1,86.73,0.5330495384216308,0.5099999999999909,0.016730294227600084
KD,9,0.05,2,86.55,0.5399826224327088,0.6899999999999977,0.023663378238678034
KD,9,0.05,3,86.72,0.5351572934150696,0.519999999999996,0.01883804922103882
KD,9,0.05,4,86.88,0.5286305416107178,0.35999999999999943,0.012311297416687017
KD,9,0.1,0,85.9,0.5706731858253479,1.3399999999999892,0.054353941631317126
KD,9,0.1,1,85.37,0.587637644290924,1.8699999999999903,0.07131840009689328
KD,9,0.1,2,85.08,0.6101104033946991,2.1599999999999966,0.09379115920066838
KD,9,0.1,3,85.26,0.6005718246459961,1.9799999999999898,0.08425258045196538
KD,9,0.1,4,85.59,0.5707408965110778,1.6499999999999915,0.0544216523170471
KD,9,0.2,0,80.81,0.8067556043624878,6.429999999999993,0.2904363601684571
KD,9,0.2,1,78.17,0.8767920531272888,9.069999999999993,0.36047280893325806
KD,9,0.2,2,78.73,0.9576540899276733,8.509999999999991,0.44133484573364257
KD,9,0.2,3,78.28,0.9684140226364136,8.959999999999994,0.4520947784423829
KD,9,0.2,4,81.28,0.7644163680553436,5.959999999999994,0.24809712386131288
CE_24epochs,1,0.0,0,81.16,0.5536156006336213,0.0,0.0
CE_24epochs,1,0.01,0,81.03,0.5531857313632965,0.12999999999999545,-0.0004298692703247342
CE_24epochs,1,0.01,1,81.17,0.5537231733322143,-0.010000000000005116,0.0001075726985930725
CE_24epochs,1,0.01,2,81.14,0.5542979100704193,0.01999999999999602,0.0006823094367980342
CE_24epochs,1,0.01,3,81.04,0.5542200689792633,0.11999999999999034,0.0006044683456420952
CE_24epochs,1,0.01,4,80.96,0.5566234640598298,0.20000000000000284,0.0030078634262085124
CE_24epochs,1,0.02,0,80.96,0.5537803328037262,0.20000000000000284,0.0001647321701049309
CE_24epochs,1,0.02,1,81.16,0.5543358448028565,0.0,0.000720244169235218
CE_24epochs,1,0.02,2,81.08,0.5567128806591034,0.0799999999999983,0.003097280025482152
CE_24epochs,1,0.02,3,80.9,0.5564665725708008,0.2599999999999909,0.002850971937179536
CE_24epochs,1,0.02,4,80.91,0.5609146428585052,0.25,0.007299042224883978
CE_24epochs,1,0.05,0,80.37,0.5625256160259247,0.789999999999992,0.008910015392303405
CE_24epochs,1,0.05,1,80.97,0.5592255846500397,0.18999999999999773,0.0056099840164184345
CE_24epochs,1,0.05,2,80.57,0.5733595653057099,0.5900000000000034,0.01974396467208861
CE_24epochs,1,0.05,3,80.7,0.5726089175701141,0.45999999999999375,0.018993316936492866
CE_24epochs,1,0.05,4,80.32,0.5815990648269653,0.8400000000000034,0.027983464193344076
CE_24epochs,1,0.1,0,78.97,0.6068689308166504,2.1899999999999977,0.053253330183029135
CE_24epochs,1,0.1,1,80.54,0.5777976946353912,0.6199999999999903,0.02418209400176996
CE_24epochs,1,0.1,2,78.98,0.630523055267334,2.1799999999999926,0.07690745463371274
CE_24epochs,1,0.1,3,78.7,0.6351143821716309,2.4599999999999937,0.0814987815380096
CE_24epochs,1,0.1,4,78.2,0.6450071554660797,2.9599999999999937,0.09139155483245842
CE_24epochs,1,0.2,0,70.57,0.8671466593742371,10.590000000000003,0.3135310587406158
CE_24epochs,1,0.2,1,77.39,0.6678692637920379,3.769999999999996,0.11425366315841667
CE_24epochs,1,0.2,2,72.37,0.8647654029846191,8.789999999999992,0.3111498023509979
CE_24epochs,1,0.2,3,69.85,0.9222370141983032,11.310000000000002,0.3686214135646819
CE_24epochs,1,0.2,4,70.04,0.9197852910995483,11.11999999999999,0.36616969046592707
CE_24epochs,2,0.0,0,81.29,0.5580481907367706,0.0,0.0
CE_24epochs,2,0.01,0,81.14,0.5598437116146088,0.15000000000000568,0.001795520877838186
CE_24epochs,2,0.01,1,81.25,0.5597922556400299,0.04000000000000625,0.0017440649032592903
CE_24epochs,2,0.01,2,81.25,0.5587926252365112,0.04000000000000625,0.0007444344997405983
CE_24epochs,2,0.01,3,81.2,0.5590195241451263,0.09000000000000341,0.0009713334083557568
CE_24epochs,2,0.01,4,81.34,0.5585218514680862,-0.04999999999999716,0.00047366073131560604
CE_24epochs,2,0.02,0,81.08,0.562906264424324,0.21000000000000796,0.004858073687553421
CE_24epochs,2,0.02,1,81.12,0.5625041754722595,0.1700000000000017,0.004455984735488916
CE_24epochs,2,0.02,2,81.2,0.5604313697814941,0.09000000000000341,0.0023831790447235157
CE_24epochs,2,0.02,3,81.28,0.5614820111989975,0.010000000000005116,0.0034338204622269553
CE_24epochs,2,0.02,4,81.26,0.5603135527849198,0.030000000000001137,0.0022653620481492
CE_24epochs,2,0.05,0,80.49,0.5804156463861465,0.8000000000000114,0.022367455649375922
CE_24epochs,2,0.05,1,80.75,0.5763916836977006,0.5400000000000063,0.018343492960929964
CE_24epochs,2,0.05,2,80.87,0.5709495206832885,0.4200000000000017,0.012901329946517937
CE_24epochs,2,0.05,3,80.78,0.5782268610477448,0.5100000000000051,0.0201786703109742
CE_24epochs,2,0.05,4,80.76,0.5730928870439529,0.5300000000000011,0.015044696307182304
CE_24epochs,2,0.1,0,78.55,0.6383739408016205,2.740000000000009,0.08032575006484988
CE_24epochs,2,0.1,1,79.72,0.6189423407196999,1.5700000000000074,0.0608941499829293
CE_24epochs,2,0.1,2,79.27,0.6077314568042755,2.0200000000000102,0.04968326606750495
CE_24epochs,2,0.1,3,78.88,0.6438025949954986,2.410000000000011,0.08575440425872805
CE_24epochs,2,0.1,4,79.36,0.6187289798021317,1.9300000000000068,0.06068078906536112
CE_24epochs,2,0.2,0,71.72,0.8621198241233826,9.570000000000007,0.30407163338661203
CE_24epochs,2,0.2,1,74.07,0.7939339988708496,7.220000000000013,0.235885808134079
CE_24epochs,2,0.2,2,74.5,0.7656208381175995,6.790000000000006,0.20757264738082892
CE_24epochs,2,0.2,3,68.29,1.0184136521339417,13.0,0.46036546139717116
CE_24epochs,2,0.2,4,73.47,0.8167520041465759,7.820000000000007,0.2587038134098053
CE_24epochs,3,0.0,0,79.5,0.5876164609432221,0.0,0.0
CE_24epochs,3,0.01,0,79.55,0.5869603720188141,-0.04999999999999716,-0.0006560889244079382
CE_24epochs,3,0.01,1,79.45,0.5896110592842102,0.04999999999999716,0.0019945983409881407
CE_24epochs,3,0.01,2,79.57,0.5876344921112061,-0.06999999999999318,1.8031167984045027e-05
CE_24epochs,3,0.01,3,79.46,0.5888119258403778,0.04000000000000625,0.001195464897155718
CE_24epochs,3,0.01,4,79.44,0.5891091079711914,0.060000000000002274,0.0014926470279693627
CE_24epochs,3,0.02,0,79.64,0.5876329872608185,-0.14000000000000057,1.6526317596410323e-05
CE_24epochs,3,0.02,1,79.27,0.5934593254089355,0.23000000000000398,0.005842864465713471
CE_24epochs,3,0.02,2,79.61,0.5896835315227509,-0.10999999999999943,0.002067070579528818
CE_24epochs,3,0.02,3,79.32,0.5910995214939118,0.18000000000000682,0.0034830605506896983
CE_24epochs,3,0.02,4,79.4,0.5918172340393066,0.09999999999999432,0.004200773096084576
CE_24epochs,3,0.05,0,79.37,0.5979129014015198,0.12999999999999545,0.010296440458297695
CE_24epochs,3,0.05,1,78.33,0.6170245784759522,1.1700000000000017,0.029408117532730094
CE_24epochs,3,0.05,2,79.01,0.6103934953212738,0.4899999999999949,0.022777034378051786
CE_24epochs,3,0.05,3,78.94,0.6037747110843659,0.5600000000000023,0.016158250141143804
CE_24epochs,3,0.05,4,78.86,0.608253382730484,0.6400000000000006,0.020636921787261953
CE_24epochs,3,0.1,0,77.84,0.6440941912174225,1.6599999999999966,0.056477730274200444
CE_24epochs,3,0.1,1,75.77,0.7006444985866547,3.730000000000004,0.11302803764343261
CE_24epochs,3,0.1,2,76.26,0.7089352033138275,3.239999999999995,0.12131874237060547
CE_24epochs,3,0.1,3,77.72,0.643635680103302,1.7800000000000011,0.0560192191600799
CE_24epochs,3,0.1,4,76.75,0.668302634191513,2.75,0.08068617324829097
CE_24epochs,3,0.2,0,70.77,0.8642666939258575,8.730000000000004,0.27665023298263547
CE_24epochs,3,0.2,1,66.0,1.0545044798851013,13.5,0.46688801894187926
CE_24epochs,3,0.2,2,63.1,1.2731067341804505,16.4,0.6854902732372284
CE_24epochs,3,0.2,3,72.76,0.8066315100669861,6.739999999999995,0.21901504912376402
CE_24epochs,3,0.2,4,68.07,0.9650397199630737,11.430000000000007,0.37742325901985163
CE_24epochs,4,0.0,0,80.7,0.566492585325241,0.0,0.0
CE_24epochs,4,0.01,0,80.68,0.5675083387851715,0.01999999999999602,0.0010157534599304352
CE_24epochs,4,0.01,1,80.69,0.5655988962173462,0.010000000000005116,-0.0008936891078948905
CE_24epochs,4,0.01,2,80.55,0.566434942483902,0.15000000000000568,-5.7642841339022866e-05
CE_24epochs,4,0.01,3,80.6,0.5658019167423248,0.10000000000000853,-0.0006906685829162207
CE_24epochs,4,0.01,4,80.79,0.5659557034492493,-0.09000000000000341,-0.0005368818759917682
CE_24epochs,4,0.02,0,80.65,0.5696047740459442,0.04999999999999716,0.0031121887207031795
CE_24epochs,4,0.02,1,80.7,0.5659656559944153,0.0,-0.000526929330825765
CE_24epochs,4,0.02,2,80.52,0.5674967039108276,0.18000000000000682,0.0010041185855865775
CE_24epochs,4,0.02,3,80.58,0.5664963392734528,0.12000000000000455,3.7539482117265877e-06
CE_24epochs,4,0.02,4,80.72,0.5664183755397797,-0.01999999999999602,-7.420978546135437e-05
CE_24epochs,4,0.05,0,80.07,0.5818936692237854,0.6300000000000097,0.015401083898544332
CE_24epochs,4,0.05,1,80.6,0.5746187389850617,0.10000000000000853,0.008126153659820612
CE_24epochs,4,0.05,2,80.22,0.5774686211109161,0.480000000000004,0.010976035785675076
CE_24epochs,4,0.05,3,80.1,0.5764365089893341,0.6000000000000085,0.009943923664093024
CE_24epochs,4,0.05,4,80.49,0.5737163368701935,0.21000000000000796,0.0072237515449524725
CE_24epochs,4,0.1,0,78.87,0.6250437109470367,1.8299999999999983,0.05855112562179565
CE_24epochs,4,0.1,1,79.17,0.6182793341636658,1.5300000000000011,0.05178674883842471
CE_24epochs,4,0.1,2,78.86,0.6165601621627808,1.8400000000000034,0.05006757683753971
CE_24epochs,4,0.1,3,78.4,0.6213034514427185,2.299999999999997,0.05481086611747743
CE_24epochs,4,0.1,4,79.47,0.6077249178409576,1.230000000000004,0.04123233251571656
CE_24epochs,4,0.2,0,72.64,0.828021581363678,8.060000000000002,0.26152899603843693
CE_24epochs,4,0.2,1,71.36,0.8666908317565918,9.340000000000003,0.30019824643135073
CE_24epochs,4,0.2,2,72.2,0.7948371408462525,8.5,0.2283445555210114
CE_24epochs,4,0.2,3,72.04,0.8337146940231324,8.659999999999997,0.2672221086978913
CE_24epochs,4,0.2,4,74.18,0.7764933531761169,6.519999999999996,0.21000076785087585
CE_24epochs,5,0.0,0,81.52,0.5487188817501069,0.0,0.0
CE_24epochs,5,0.01,0,81.35,0.5488662160396576,0.1700000000000017,0.0001473342895507157
CE_24epochs,5,0.01,1,81.38,0.5483031452655792,0.14000000000000057,-0.0004157364845276401
CE_24epochs,5,0.01,2,81.45,0.5499157680988311,0.06999999999999318,0.0011968863487242798
CE_24epochs,5,0.01,3,81.4,0.5504176807880402,0.11999999999999034,0.0016987990379333517
CE_24epochs,5,0.01,4,81.39,0.5481372318267822,0.12999999999999545,-0.0005816499233246564
CE_24epochs,5,0.02,0,81.27,0.5505334153652192,0.25,0.0018145336151123015
CE_24epochs,5,0.02,1,81.31,0.5493117084980011,0.20999999999999375,0.0005928267478942928
CE_24epochs,5,0.02,2,81.35,0.5533879750728607,0.1700000000000017,0.004669093322753892
CE_24epochs,5,0.02,3,81.25,0.5537139595985413,0.269999999999996,0.004995077848434448
CE_24epochs,5,0.02,4,81.26,0.5493419551372528,0.2599999999999909,0.000623073387145956
CE_24epochs,5,0.05,0,80.8,0.5647190877914429,0.7199999999999989,0.016000206041336007
CE_24epochs,5,0.05,1,80.6,0.5610716796398163,0.9200000000000017,0.012352797889709444
CE_24epochs,5,0.05,2,80.37,0.5773751149177552,1.1499999999999915,0.028656233167648315
CE_24epochs,5,0.05,3,80.52,0.5739602171897888,1.0,0.02524133543968199
CE_24epochs,5,0.05,4,80.55,0.5638407938480378,0.9699999999999989,0.0151219120979309
CE_24epochs,5,0.1,0,78.55,0.6221457373619079,2.969999999999999,0.07342685561180107
CE_24epochs,5,0.1,1,79.29,0.6083760021209716,2.2299999999999898,0.05965712037086479
CE_24epochs,5,0.1,2,77.6,0.6643339078903199,3.9200000000000017,0.11561502614021302
CE_24epochs,5,0.1,3,78.24,0.6448262230396271,3.280000000000001,0.09610734128952025
CE_24epochs,5,0.1,4,78.38,0.6267990069389343,3.1400000000000006,0.07808012518882745
CE_24epochs,5,0.2,0,70.84,0.877429995059967,10.679999999999993,0.32871111330986014
CE_24epochs,5,0.2,1,73.17,0.8109788663864136,8.349999999999994,0.26225998463630673
CE_24epochs,5,0.2,2,66.63,1.0282791750907898,14.89,0.47956029334068295
CE_24epochs,5,0.2,3,69.73,0.9402345034599304,11.789999999999992,0.39151562170982357
CE_24epochs,5,0.2,4,67.43,0.9514492863655091,14.08999999999999,0.4027304046154022
CE_24epochs,6,0.0,0,79.79,0.5833337023735047,0.0,0.0
CE_24epochs,6,0.01,0,79.79,0.5847430973529816,0.0,0.0014093949794768967
CE_24epochs,6,0.01,1,79.78,0.5863347717285157,0.010000000000005116,0.003001069355010988
CE_24epochs,6,0.01,2,79.86,0.5841259597301484,-0.06999999999999318,0.0007922573566436775
CE_24epochs,6,0.01,3,79.76,0.5843563829421997,0.030000000000001137,0.0010226805686950335
CE_24epochs,6,0.01,4,79.75,0.5859321481227875,0.04000000000000625,0.0025984457492828072
CE_24epochs,6,0.02,0,79.87,0.5874531181812286,-0.0799999999999983,0.004119415807723903
CE_24epochs,6,0.02,1,79.75,0.5913905866146087,0.04000000000000625,0.008056884241104068
CE_24epochs,6,0.02,2,79.9,0.5862281653404235,-0.10999999999999943,0.002894462966918865
CE_24epochs,6,0.02,3,79.77,0.5867252370357513,0.020000000000010232,0.0033915346622466203
CE_24epochs,6,0.02,4,79.75,0.5899493844509125,0.04000000000000625,0.006615682077407814
CE_24epochs,6,0.05,0,79.28,0.6037099087715149,0.5100000000000051,0.020376206398010188
CE_24epochs,6,0.05,1,78.88,0.6194087769031524,0.9100000000000108,0.036075074529647755
CE_24epochs,6,0.05,2,79.34,0.6005042673587799,0.45000000000000284,0.01717056498527525
CE_24epochs,6,0.05,3,79.42,0.6018581563472748,0.37000000000000455,0.018524453973770116
CE_24epochs,6,0.05,4,78.89,0.6109502234935761,0.9000000000000057,0.027616521120071402
CE_24epochs,6,0.1,0,77.88,0.658550487279892,1.9100000000000108,0.07521678490638728
CE_24epochs,6,0.1,1,76.14,0.7114771383285522,3.6500000000000057,0.1281434359550475
CE_24epochs,6,0.1,2,77.89,0.6555562724590301,1.9000000000000057,0.07222257008552546
CE_24epochs,6,0.1,3,77.98,0.657326061296463,1.8100000000000023,0.0739923589229583
CE_24epochs,6,0.1,4,76.81,0.6766601838588715,2.980000000000004,0.09332648148536682
CE_24epochs,6,0.2,0,70.98,0.8886916235923767,8.810000000000002,0.30535792121887206
CE_24epochs,6,0.2,1,64.64,1.0966488565444947,15.150000000000006,0.51331515417099
CE_24epochs,6,0.2,2,69.89,0.9201212717056274,9.900000000000006,0.3367875693321227
CE_24epochs,6,0.2,3,70.42,0.9098242629528046,9.370000000000005,0.3264905605792999
CE_24epochs,6,0.2,4,69.88,0.9458695724487305,9.91000000000001,0.3625358700752258
CE_24epochs,7,0.0,0,80.49,0.5759145711898803,0.0,0.0
CE_24epochs,7,0.01,0,80.44,0.576705725479126,0.04999999999999716,0.0007911542892456991
CE_24epochs,7,0.01,1,80.51,0.5765817851543427,-0.020000000000010232,0.0006672139644623432
CE_24epochs,7,0.01,2,80.43,0.575923291683197,0.05999999999998806,8.720493316682898e-06
CE_24epochs,7,0.01,3,80.46,0.5768312077045441,0.030000000000001137,0.0009166365146637823
CE_24epochs,7,0.01,4,80.61,0.5763836678981781,-0.12000000000000455,0.00046909670829775596
CE_24epochs,7,0.02,0,80.35,0.5787102135181427,0.14000000000000057,0.002795642328262349
CE_24epochs,7,0.02,1,80.39,0.5780863526821136,0.09999999999999432,0.0021717814922332934
CE_24epochs,7,0.02,2,80.25,0.5770386619567871,0.23999999999999488,0.0011240907669067823
CE_24epochs,7,0.02,3,80.48,0.5795458609104156,0.009999999999990905,0.00363128972053528
CE_24epochs,7,0.02,4,80.62,0.5779717449188232,-0.13000000000000966,0.0020571737289428738
CE_24epochs,7,0.05,0,79.68,0.5926480966091155,0.8099999999999881,0.01673352541923523
CE_24epochs,7,0.05,1,79.82,0.5875262267112732,0.6700000000000017,0.011611655521392872
CE_24epochs,7,0.05,2,79.91,0.5876554106235504,0.5799999999999983,0.011740839433670103
CE_24epochs,7,0.05,3,79.6,0.5974763247966767,0.8900000000000006,0.021561753606796352
CE_24epochs,7,0.05,4,80.05,0.589936822938919,0.4399999999999977,0.014022251749038706
CE_24epochs,7,0.1,0,78.02,0.6449393456459045,2.469999999999999,0.06902477445602417
CE_24epochs,7,0.1,1,78.72,0.6197096410751343,1.769999999999996,0.043795069885253946
CE_24epochs,7,0.1,2,78.82,0.6320821795940399,1.6700000000000017,0.056167608404159575
CE_24epochs,7,0.1,3,77.61,0.6609754226207734,2.8799999999999955,0.08506085143089304
CE_24epochs,7,0.1,4,77.77,0.639573478603363,2.719999999999999,0.06365890741348268
CE_24epochs,7,0.2,0,70.2,0.8944651014328003,10.289999999999992,0.31855053024292
CE_24epochs,7,0.2,1,74.44,0.7619128036499023,6.049999999999997,0.185998232460022
CE_24epochs,7,0.2,2,73.01,0.8477274939537048,7.47999999999999,0.2718129227638245
CE_24epochs,7,0.2,3,70.23,0.9203883267402649,10.259999999999991,0.3444737555503846
CE_24epochs,7,0.2,4,69.42,0.9077694612503052,11.069999999999993,0.3318548900604249
CE_24epochs,8,0.0,0,79.41,0.616430144739151,0.0,0.0
CE_24epochs,8,0.01,0,79.39,0.6129470479011536,0.01999999999999602,-0.0034830968379974125
CE_24epochs,8,0.01,1,79.28,0.6218337254047394,0.12999999999999545,0.005403580665588326
CE_24epochs,8,0.01,2,79.49,0.6130545731544494,-0.0799999999999983,-0.0033755715847015866
CE_24epochs,8,0.01,3,79.46,0.6176994502544403,-0.04999999999999716,0.001269305515289254
CE_24epochs,8,0.01,4,79.33,0.6210603699207305,0.0799999999999983,0.004630225181579517
CE_24epochs,8,0.02,0,79.47,0.611197141122818,-0.060000000000002274,-0.005233003616333054
CE_24epochs,8,0.02,1,79.25,0.6292504553794861,0.1599999999999966,0.012820310640335064
CE_24epochs,8,0.02,2,79.5,0.6112559689521789,-0.09000000000000341,-0.005174175786972102
CE_24epochs,8,0.02,3,79.44,0.6200542673110961,-0.030000000000001137,0.0036241225719451098
CE_24epochs,8,0.02,4,79.14,0.6279001150131226,0.269999999999996,0.011469970273971564
CE_24epochs,8,0.05,0,78.83,0.6178850943088532,0.5799999999999983,0.0014549495697021575
CE_24epochs,8,0.05,1,78.48,0.6647697788715362,0.9299999999999926,0.04833963413238518
CE_24epochs,8,0.05,2,79.12,0.6153737728118897,0.28999999999999204,-0.0010563719272613792
CE_24epochs,8,0.05,3,78.81,0.6341848632335663,0.5999999999999943,0.017754718494415234
CE_24epochs,8,0.05,4,78.62,0.6629987924098969,0.789999999999992,0.046568647670745866
CE_24epochs,8,0.1,0,77.56,0.6709794789791107,1.8499999999999943,0.05454933423995967
CE_24epochs,8,0.1,1,76.61,0.760599901008606,2.799999999999997,0.14416975626945494
CE_24epochs,8,0.1,2,77.47,0.6524485397815705,1.9399999999999977,0.03601839504241944
CE_24epochs,8,0.1,3,76.98,0.6903218127727508,2.4299999999999926,0.07389166803359981
CE_24epochs,8,0.1,4,75.68,0.7739376899242401,3.7299999999999898,0.15750754518508903
CE_24epochs,8,0.2,0,68.24,0.9696092025279999,11.170000000000002,0.35317905778884884
CE_24epochs,8,0.2,1,69.9,1.0508458059310912,9.509999999999991,0.4344156611919402
CE_24epochs,8,0.2,2,71.15,0.8439847806453705,8.259999999999991,0.2275546359062195
CE_24epochs,8,0.2,3,67.76,0.995521134853363,11.649999999999991,0.379090990114212
CE_24epochs,8,0.2,4,66.57,1.1744222805976867,12.840000000000003,0.5579921358585357
CE_24epochs,9,0.0,0,81.09,0.5441446769714355,0.0,0.0
CE_24epochs,9,0.01,0,81.15,0.5437402157783509,-0.060000000000002274,-0.000404461193084682
CE_24epochs,9,0.01,1,81.1,0.5440676224708557,-0.009999999999990905,-7.705450057982066e-05
CE_24epochs,9,0.01,2,81.01,0.5450871382236481,0.0799999999999983,0.0009424612522125342
CE_24epochs,9,0.01,3,81.15,0.54438708152771,-0.060000000000002274,0.0002424045562744448
CE_24epochs,9,0.01,4,81.2,0.5441688435554505,-0.10999999999999943,2.416658401493965e-05
CE_24epochs,9,0.02,0,81.15,0.544136014175415,-0.060000000000002274,-8.662796020519892e-06
CE_24epochs,9,0.02,1,80.96,0.5449371978759766,0.13000000000000966,0.0007925209045410719
CE_24epochs,9,0.02,2,81.07,0.5468842765808105,0.020000000000010232,0.0027395996093749764
CE_24epochs,9,0.02,3,81.16,0.5458776408195496,-0.06999999999999318,0.0017329638481140552
CE_24epochs,9,0.02,4,81.28,0.5455276814937592,-0.18999999999999773,0.0013830045223236498
CE_24epochs,9,0.05,0,80.98,0.5503445084571839,0.10999999999999943,0.0061998314857483194
CE_24epochs,9,0.05,1,80.76,0.5530572196960449,0.3299999999999983,0.008912542724609396
CE_24epochs,9,0.05,2,80.93,0.5573177556037903,0.1599999999999966,0.013173078632354729
CE_24epochs,9,0.05,3,80.8,0.5578721388339997,0.29000000000000625,0.013727461862564128
CE_24epochs,9,0.05,4,80.84,0.557972988986969,0.25,0.013828312015533473
CE_24epochs,9,0.1,0,80.14,0.5800002985000611,0.9500000000000028,0.035855621528625536
CE_24epochs,9,0.1,1,79.88,0.5866336047172547,1.210000000000008,0.04248892774581914
CE_24epochs,9,0.1,2,80.04,0.5934955500125885,1.0499999999999972,0.04935087304115293
CE_24epochs,9,0.1,3,79.55,0.6051782204627991,1.5400000000000063,0.061033543491363584
CE_24epochs,9,0.1,4,79.56,0.6079206226348877,1.5300000000000011,0.06377594566345213
CE_24epochs,9,0.2,0,74.78,0.747134901714325,6.310000000000002,0.2029902247428894
CE_24epochs,9,0.2,1,74.73,0.7460471493244171,6.359999999999999,0.20190247235298153
CE_24epochs,9,0.2,2,75.38,0.7504835506439209,5.710000000000008,0.20633887367248538
CE_24epochs,9,0.2,3,72.47,0.8246907753944397,8.620000000000005,0.28054609842300415
CE_24epochs,9,0.2,4,71.89,0.8519001076698304,9.200000000000003,0.30775543069839484
