mode,teacher,seed,teacher_objective,teacher_test_acc,teacher_train_ce_loss,teacher_train_acc,test_at_switch,test_final,val_at_switch,val_final,val_peak_after,probe_ce_loss_at_switch,probe_acc_at_switch,probe_ce_loss_final,probe_acc_final,ece_at_switch,ece_final,agree_at_switch,agree_final,test_change,val_change
ce_only,none,0,,,,,86.82000041007996,86.58000230789185,87.18000054359436,86.50000095367432,87.26000189781189,0.059178262042999266,97.98,0.032067829608917235,99.02,0.0659752839763269,0.0832174365951184,,,-0.23999810218811035,-0.679999589920044
ce_only,none,1,,,,,84.42999720573425,84.32999849319458,84.47999954223633,84.60000157356262,84.74000096321106,0.07115980024337769,97.54,0.024066330742835998,99.32,0.08036401766206477,0.09531701985132587,,,-0.09999871253967285,0.12000203132629395
ce_only,none,2,,,,,86.46000027656555,86.2999975681305,86.76000237464905,86.33999824523926,87.12000250816345,0.07047266521453857,97.72,0.037441379070281985,98.82,0.06580269907009963,0.08274970386560568,,,-0.1600027084350586,-0.42000412940979004
ce_only,none,3,,,,,86.76000237464905,86.51000261306763,86.46000027656555,86.54000163078308,86.72000169754028,0.07509397029876709,97.56,0.040862784290313724,98.74,0.06607844250498429,0.07862523633369443,,,-0.2499997615814209,0.0800013542175293
ce_only,none,4,,,,,85.8299970626831,85.25000214576721,86.2600028514862,86.2600028514862,86.79999709129333,0.07785160789489746,97.34,0.04608751697540283,98.44,0.07205047515411724,0.08213527442582391,,,-0.5799949169158936,0.0
ce_only,none,5,,,,,86.23999953269958,86.39000058174133,86.54000163078308,86.77999973297119,87.23999857902527,0.06515770454406739,97.94,0.03696133441925049,98.76,0.06861707294370273,0.07978709993435372,,,0.15000104904174805,0.23999810218811035
ce_only,none,6,,,,,86.4300012588501,86.33999824523926,86.28000020980835,86.2999975681305,86.90000176429749,0.07031643447875977,97.48,0.03680015082359314,98.86,0.06766436127157294,0.07990962202972306,,,-0.09000301361083984,0.019997358322143555
ce_only,none,7,,,,,85.65000295639038,85.29999852180481,85.87999939918518,85.61999797821045,86.51999831199646,0.0812983741760254,97.04,0.03738729572296143,98.88,0.07214409369502126,0.09055032374459508,,,-0.3500044345855713,-0.26000142097473145
ce_only,none,8,,,,,86.00999712944031,85.9000027179718,86.11999750137329,86.51999831199646,86.72000169754028,0.07132530708312988,97.8,0.03889921088218689,98.68,0.07043925785189811,0.08078863621990157,,,-0.10999441146850586,0.40000081062316895
ce_only,none,9,,,,,86.08999848365784,86.16999983787537,86.2600028514862,86.4799976348877,86.8399977684021,0.07081376628875732,97.4,0.03782073612213135,98.56,0.0701379318658959,0.08174904266133065,,,0.0800013542175293,0.21999478340148926
kd_only,ce_e20,0,ce,55.900001525878906,1.181759149169922,57.2,56.98000192642212,56.76000118255615,56.99999928474426,57.03999996185303,57.099997997283936,1.171048629760742,58.02,1.1733252990722656,57.92,0.015522523157503923,0.018230476656885458,89.44000005722046,89.13999795913696,-0.2200007438659668,0.04000067710876465
kd_only,ce_e20,1,ce,55.900001525878906,1.181759149169922,57.2,56.790000200271606,56.55999779701233,56.87999725341797,56.220000982284546,57.12000131607056,1.1685729675292968,58.02,1.173528466796875,57.52,0.014528852728682845,0.021321915452857304,89.53999876976013,89.13999795913696,-0.23000240325927734,-0.6599962711334229
kd_only,ce_e20,2,ce,55.900001525878906,1.181759149169922,57.2,57.03999996185303,57.200002670288086,56.48000240325928,56.90000057220459,57.34000205993652,1.1689605316162108,57.8,1.165021939086914,57.9,0.01612227263959616,0.010017899104759573,88.71999979019165,89.5799994468689,0.1600027084350586,0.4199981689453125
kd_only,ce_e20,3,ce,55.900001525878906,1.181759149169922,57.2,56.779998540878296,56.74999952316284,56.87999725341797,56.72000050544739,57.27999806404114,1.1671787322998046,58.0,1.1707660522460936,57.96,0.017153092965828044,0.013868211994415396,89.13999795913696,89.30000066757202,-0.0299990177154541,-0.15999674797058105
kd_only,ce_e20,4,ce,55.900001525878906,1.181759149169922,57.2,56.40000104904175,56.37999773025513,56.40000104904175,56.459999084472656,57.12000131607056,1.171244171142578,57.58,1.1696988983154297,57.64,0.01696126903854271,0.023206925467410308,89.34000134468079,89.4599974155426,-0.020003318786621094,0.0599980354309082
kd_only,ce_e20,5,ce,55.900001525878906,1.181759149169922,57.2,56.849998235702515,56.779998540878296,56.599998474121094,56.91999793052673,57.179999351501465,1.170818670654297,57.76,1.1660096405029297,58.28,0.018674252183801712,0.009720156310981276,88.76000046730042,89.52000141143799,-0.06999969482421875,0.31999945640563965
kd_only,ce_e20,6,ce,55.900001525878906,1.181759149169922,57.2,57.1399986743927,56.950002908706665,56.58000111579895,56.40000104904175,56.779998540878296,1.1675177032470703,58.24,1.1672187683105468,57.92,0.018044297000590098,0.016695519951183797,89.0999972820282,89.21999931335449,-0.18999576568603516,-0.18000006675720215
kd_only,ce_e20,7,ce,55.900001525878906,1.181759149169922,57.2,56.940001249313354,56.80999755859375,56.90000057220459,56.87999725341797,57.35999941825867,1.1705951171875,57.46,1.1690498413085937,57.94,0.01919524301909202,0.02242895430094377,87.9800021648407,88.81999850273132,-0.1300036907196045,-0.020003318786621094
kd_only,ce_e20,8,ce,55.900001525878906,1.181759149169922,57.2,56.950002908706665,57.05000162124634,56.55999779701233,56.41999840736389,57.05999732017517,1.170238510131836,58.06,1.1716062774658202,57.74,0.014314664148116538,0.02124127560097025,88.58000040054321,88.55999708175659,0.09999871253967285,-0.1399993896484375
kd_only,ce_e20,9,ce,55.900001525878906,1.181759149169922,57.2,57.23000168800354,56.950002908706665,57.12000131607056,56.940001249313354,57.40000009536743,1.1652042724609375,58.28,1.1682108978271484,58.08,0.02242671387293551,0.013554117551220504,88.76000046730042,89.12000060081482,-0.279998779296875,-0.18000006675720215
kd_only,ce_e50,0,ce,79.68999743461609,0.4134262031555176,85.86,80.50000071525574,80.2299976348877,80.1800012588501,80.0599992275238,80.27999997138977,0.43062814712524417,85.28,0.43034414367675783,85.08,0.028980319184504034,0.031922880393089645,90.64000248908997,91.11999869346619,-0.270003080368042,-0.12000203132629395
kd_only,ce_e50,1,ce,79.68999743461609,0.4134262031555176,85.86,80.0499975681305,80.0499975681305,79.91999983787537,79.65999841690063,80.19999861717224,0.43677763214111326,84.64,0.4355075454711914,84.68,0.0342051708766905,0.03452277929073859,91.54000282287598,91.47999882698059,0.0,-0.26000142097473145
kd_only,ce_e50,2,ce,79.68999743461609,0.4134262031555176,85.86,80.26000261306763,80.44000267982483,80.11999726295471,80.58000206947327,80.58000206947327,0.4354928985595703,85.26,0.4304146324157715,85.2,0.032677562123204204,0.028837218639652433,91.15999937057495,91.21999740600586,0.18000006675720215,0.4600048065185547
kd_only,ce_e50,3,ce,79.68999743461609,0.4134262031555176,85.86,79.98999953269958,80.07000088691711,80.239999294281,79.96000051498413,80.44000267982483,0.4365425422668457,84.54,0.43751962890625,84.4,0.030222203627773912,0.02872341408366741,91.01999998092651,91.39999747276306,0.0800013542175293,-0.279998779296875
kd_only,ce_e50,4,ce,79.68999743461609,0.4134262031555176,85.86,80.41999936103821,80.64000010490417,79.91999983787537,79.5199990272522,80.32000064849854,0.44000709075927735,84.6,0.4371511489868164,84.76,0.03186991879280437,0.03517922115078165,90.7800018787384,91.01999998092651,0.2200007438659668,-0.40000081062316895
kd_only,ce_e50,5,ce,79.68999743461609,0.4134262031555176,85.86,80.7699978351593,80.65999746322632,79.91999983787537,79.91999983787537,80.08000254631042,0.44908349533081054,84.44,0.4452272605895996,84.74,0.03410521193197104,0.03688804058915568,89.89999890327454,89.99999761581421,-0.1100003719329834,0.0
kd_only,ce_e50,6,ce,79.68999743461609,0.4134262031555176,85.86,80.43000102043152,80.69999814033508,80.37999868392944,80.40000200271606,80.64000010490417,0.43616241760253904,84.54,0.4310006057739258,84.92,0.03235406853793149,0.02770258947074271,90.82000255584717,90.74000120162964,0.26999711990356445,0.020003318786621094
kd_only,ce_e50,7,ce,79.68999743461609,0.4134262031555176,85.86,80.72999715805054,80.51000237464905,79.75999712944031,79.8200011253357,80.09999990463257,0.4377034309387207,84.64,0.4336881881713867,84.56,0.03598357767816762,0.03352862565598393,90.46000242233276,90.65999984741211,-0.21999478340148926,0.06000399589538574
kd_only,ce_e50,8,ce,79.68999743461609,0.4134262031555176,85.86,80.30999898910522,80.59999942779541,80.33999800682068,80.46000003814697,80.68000078201294,0.4313423965454102,84.9,0.42862122726440427,84.86,0.0325818270117655,0.02940106401041859,90.64000248908997,91.03999733924866,0.29000043869018555,0.12000203132629395
kd_only,ce_e50,9,ce,79.68999743461609,0.4134262031555176,85.86,80.46000003814697,80.41999936103821,80.41999936103821,79.97999787330627,80.50000071525574,0.43070103759765627,84.94,0.4295271980285644,84.9,0.03164689446678098,0.033602103833740515,90.97999930381775,91.29999876022339,-0.04000067710876465,-0.4400014877319336
kd_only,ce_e100,0,ce,85.90999841690063,0.10524831523895263,96.14,86.33999824523926,86.2600028514862,85.87999939918518,85.75999736785889,86.23999953269958,0.20936939086914064,92.86,0.1999384994506836,93.16,0.07397688346378542,0.07732788242162911,89.25999999046326,89.38000202178955,-0.07999539375305176,-0.12000203132629395
kd_only,ce_e100,1,ce,85.90999841690063,0.10524831523895263,96.14,85.67000031471252,85.74000000953674,85.97999811172485,86.51999831199646,86.54000163078308,0.2089266284942627,92.86,0.1893818073272705,93.34,0.07254090655929835,0.06839587337147968,89.42000269889832,89.9399995803833,0.06999969482421875,0.5400002002716064
kd_only,ce_e100,2,ce,85.90999841690063,0.10524831523895263,96.14,85.9000027179718,86.01999878883362,86.6599977016449,86.59999966621399,86.72000169754028,0.2020905647277832,93.18,0.18533831329345704,93.56,0.06706979869814829,0.06854424670135877,89.66000080108643,89.88000154495239,0.1199960708618164,-0.0599980354309082
kd_only,ce_e100,3,ce,85.90999841690063,0.10524831523895263,96.14,85.80999970436096,85.74000000953674,85.78000068664551,85.55999994277954,86.080002784729,0.1944440460205078,93.36,0.17858827629089355,93.58,0.07492581804786194,0.07795354265657109,89.17999863624573,89.20000195503235,-0.06999969482421875,-0.2200007438659668
kd_only,ce_e100,4,ce,85.90999841690063,0.10524831523895263,96.14,86.44999861717224,86.40000224113464,85.83999872207642,86.10000014305115,86.41999959945679,0.20216681365966796,93.02,0.18522405548095702,93.54,0.0745343811652362,0.07179732711440855,88.85999917984009,89.20000195503235,-0.049996376037597656,0.26000142097473145
kd_only,ce_e100,5,ce,85.90999841690063,0.10524831523895263,96.14,86.11999750137329,86.16999983787537,85.75999736785889,86.01999878883362,86.28000020980835,0.20501366271972657,92.9,0.188572554397583,93.62,0.07662680919273102,0.07487831091150596,89.53999876976013,89.66000080108643,0.050002336502075195,0.26000142097473145
kd_only,ce_e100,6,ce,85.90999841690063,0.10524831523895263,96.14,86.39000058174133,86.36000156402588,85.87999939918518,85.87999939918518,86.11999750137329,0.19454109649658202,93.3,0.17977636375427247,93.64,0.07466119140301053,0.07524329319290324,89.4599974155426,89.74000215530396,-0.0299990177154541,0.0
kd_only,ce_e100,7,ce,85.90999841690063,0.10524831523895263,96.14,86.72999739646912,86.68000102043152,86.04000210762024,86.15999817848206,86.50000095367432,0.21235835914611817,92.48,0.19097905616760255,93.46,0.07250234350207312,0.07107425723016951,89.74000215530396,89.9399995803833,-0.049996376037597656,0.1199960708618164
kd_only,ce_e100,8,ce,85.90999841690063,0.10524831523895263,96.14,86.18999719619751,86.40000224113464,86.36000156402588,86.77999973297119,86.77999973297119,0.19926331672668457,92.74,0.18596708984375,93.46,0.07202036321778812,0.07082965832263971,89.819997549057,89.6399974822998,0.2100050449371338,0.4199981689453125
kd_only,ce_e100,9,ce,85.90999841690063,0.10524831523895263,96.14,86.3099992275238,86.32000088691711,86.58000230789185,86.22000217437744,86.58000230789185,0.19812179298400878,93.24,0.1872296115875244,93.56,0.06770275661163878,0.07014663929136997,89.6399974822998,89.3999993801117,0.010001659393310547,-0.3600001335144043
kd_only,kd_g1,0,kd,84.579998254776,0.29533384704589843,90.8,85.0600004196167,84.89000201225281,84.8800003528595,84.83999967575073,85.33999919891357,0.3289723709106445,89.5,0.32702445373535155,89.68,0.07593985821167039,0.07690766934997863,90.67999720573425,90.70000052452087,-0.1699984073638916,-0.04000067710876465
kd_only,kd_g1,1,kd,84.579998254776,0.29533384704589843,90.8,85.14000177383423,85.14999747276306,84.579998254776,84.34000015258789,84.89999771118164,0.3352000473022461,89.52,0.3285873847961426,89.62,0.08154392405759107,0.0824803618760339,90.7800018787384,90.93999862670898,0.009995698928833008,-0.23999810218811035
kd_only,kd_g1,2,kd,84.579998254776,0.29533384704589843,90.8,84.89000201225281,84.8800003528595,85.0600004196167,85.180002450943,85.180002450943,0.3428865455627441,89.02,0.3351611785888672,89.36,0.07743335416212507,0.07582178292191102,90.97999930381775,91.06000065803528,-0.010001659393310547,0.12000203132629395
kd_only,kd_g1,3,kd,84.579998254776,0.29533384704589843,90.8,85.19999980926514,85.31000018119812,84.96000170707703,85.07999777793884,85.37999987602234,0.3291837127685547,89.72,0.3192247619628906,89.78,0.07894961747620423,0.07645211168426247,91.00000262260437,91.39999747276306,0.1100003719329834,0.1199960708618164
kd_only,kd_g1,4,kd,84.579998254776,0.29533384704589843,90.8,85.07999777793884,85.13000011444092,84.97999906539917,84.83999967575073,85.21999716758728,0.332908699798584,89.64,0.32690482635498047,89.94,0.07475454939602016,0.07687485385595022,90.75999855995178,91.24000072479248,0.050002336502075195,-0.1399993896484375
kd_only,kd_g1,5,kd,84.579998254776,0.29533384704589843,90.8,85.180002450943,85.03999710083008,84.60000157356262,84.65999960899353,84.82000231742859,0.3489700508117676,89.4,0.33920470123291013,89.58,0.08043735025229849,0.07841058777311324,90.7800018787384,91.15999937057495,-0.14000535011291504,0.0599980354309082
kd_only,kd_g1,6,kd,84.579998254776,0.29533384704589843,90.8,85.18999814987183,85.35000085830688,84.50000286102295,84.60000157356262,84.82000231742859,0.34526706466674806,89.24,0.3307293731689453,89.8,0.08304786739031511,0.0820584131884339,91.21999740600586,91.64000153541565,0.1600027084350586,0.09999871253967285
kd_only,kd_g1,7,kd,84.579998254776,0.29533384704589843,90.8,84.68999862670898,84.82000231742859,85.37999987602234,85.180002450943,85.61999797821045,0.345738240814209,89.38,0.3290290565490723,89.74,0.07480618186267791,0.07819082307017555,90.89999794960022,90.9600019454956,0.1300036907196045,-0.1999974250793457
kd_only,kd_g1,8,kd,84.579998254776,0.29533384704589843,90.8,84.78999733924866,85.07999777793884,84.56000089645386,84.78000164031982,84.97999906539917,0.34773541412353515,89.52,0.3409306106567383,89.52,0.0804155391115122,0.07927305876395424,91.10000133514404,91.36000275611877,0.29000043869018555,0.2200007438659668
kd_only,kd_g1,9,kd,84.579998254776,0.29533384704589843,90.8,85.11999845504761,85.11999845504761,84.50000286102295,84.35999751091003,84.85999703407288,0.33271280212402343,89.52,0.3260510856628418,89.7,0.0805869805750667,0.08230336465284646,90.74000120162964,90.85999727249146,0.0,-0.14000535011291504
kd_only,kd_g2,0,kd,84.31000113487244,0.40023822174072266,88.18,84.39000248908997,84.32000279426575,84.0399980545044,84.10000205039978,84.28000211715698,0.4083146911621094,88.0,0.40908062133789064,87.96,0.08166895689445196,0.08481369523550188,92.1999990940094,92.28000044822693,-0.06999969482421875,0.06000399589538574
kd_only,kd_g2,1,kd,84.31000113487244,0.40023822174072266,88.18,83.569997549057,83.45999717712402,83.85999798774719,83.78000259399414,84.24000144004822,0.44241226654052734,87.36,0.42832665100097655,87.38,0.08719103382884565,0.08779472516425046,91.51999950408936,91.50000214576721,-0.1100003719329834,-0.07999539375305176
kd_only,kd_g2,2,kd,84.31000113487244,0.40023822174072266,88.18,84.28000211715698,84.42000150680542,83.88000130653381,83.88000130653381,83.98000001907349,0.41938062744140625,87.7,0.41472234802246094,87.72,0.0863010499843854,0.08843739801602901,92.1999990940094,92.3799991607666,0.1399993896484375,0.0
kd_only,kd_g2,3,kd,84.31000113487244,0.40023822174072266,88.18,84.43999886512756,84.57000255584717,84.2199981212616,84.43999886512756,84.61999893188477,0.4071390640258789,87.8,0.39946922988891603,87.88,0.08383559283243529,0.08063572129538789,92.22000241279602,92.29999780654907,0.1300036907196045,0.2200007438659668
kd_only,kd_g2,4,kd,84.31000113487244,0.40023822174072266,88.18,84.579998254776,84.50000286102295,83.52000117301941,83.56000185012817,84.2199981212616,0.4242971099853516,87.66,0.4167930694580078,87.64,0.08888175933671143,0.08794128246751601,91.74000024795532,91.97999835014343,-0.07999539375305176,0.04000067710876465
kd_only,kd_g2,5,kd,84.31000113487244,0.40023822174072266,88.18,84.3500018119812,84.40999984741211,84.0399980545044,84.25999879837036,84.579998254776,0.41539693756103513,87.68,0.40974593658447267,87.62,0.08506058513627511,0.08397411178338687,92.3799991607666,92.59999990463257,0.0599980354309082,0.2200007438659668
kd_only,kd_g2,6,kd,84.31000113487244,0.40023822174072266,88.18,84.29999947547913,84.31000113487244,83.85999798774719,83.88000130653381,84.29999947547913,0.42005916137695315,87.74,0.40767154541015627,87.94,0.08760051579831798,0.08815522630420039,92.15999841690063,92.64000058174133,0.010001659393310547,0.020003318786621094
kd_only,kd_g2,7,kd,84.31000113487244,0.40023822174072266,88.18,84.49000120162964,84.49000120162964,84.0399980545044,83.85999798774719,84.16000008583069,0.4156216232299805,88.28,0.40542322540283204,88.24,0.08697947574982602,0.08844186994780759,92.25999712944031,92.43999719619751,0.0,-0.18000006675720215
kd_only,kd_g2,8,kd,84.31000113487244,0.40023822174072266,88.18,84.2199981212616,84.57000255584717,83.3400011062622,83.60000252723694,83.93999934196472,0.41766657333374024,87.66,0.4131605354309082,88.0,0.09073343177002668,0.08859502929172228,91.78000092506409,91.96000099182129,0.3500044345855713,0.26000142097473145
kd_only,kd_g2,9,kd,84.31000113487244,0.40023822174072266,88.18,84.24999713897705,84.36999917030334,84.53999757766724,84.38000082969666,84.7000002861023,0.41949368896484374,87.58,0.41786397552490234,88.04,0.08194463949780645,0.08208945723772093,92.46000051498413,92.5599992275238,0.12000203132629395,-0.15999674797058105
kd_then_ce,ce_e20,0,ce,55.900001525878906,1.181759149169922,57.2,56.98000192642212,76.52000188827515,56.99999928474426,76.419997215271,76.99999809265137,1.171048629760742,58.02,0.3863721916198731,86.6,0.015522523157503923,0.055382398207113506,89.44000005722046,58.96000266075134,19.539999961853027,19.419997930526733
kd_then_ce,ce_e20,1,ce,55.900001525878906,1.181759149169922,57.2,56.790000200271606,77.24000215530396,56.87999725341797,77.75999903678894,77.99999713897705,1.1685729675292968,58.02,0.40017890625,85.8,0.014528852728682845,0.03943675144551102,89.53999876976013,58.49999785423279,20.45000195503235,20.88000178337097
kd_then_ce,ce_e20,2,ce,55.900001525878906,1.181759149169922,57.2,57.03999996185303,78.20000052452087,56.48000240325928,79.01999950408936,79.01999950408936,1.1689605316162108,57.8,0.3382021110534668,88.12,0.01612227263959616,0.04396291611121314,88.71999979019165,59.140002727508545,21.160000562667847,22.539997100830078
kd_then_ce,ce_e20,3,ce,55.900001525878906,1.181759149169922,57.2,56.779998540878296,78.14000248908997,56.87999725341797,77.96000242233276,78.74000072479248,1.1671787322998046,58.0,0.3674295440673828,87.26,0.017153092965828044,0.04154091712139665,89.13999795913696,58.12000036239624,21.36000394821167,21.080005168914795
kd_then_ce,ce_e20,4,ce,55.900001525878906,1.181759149169922,57.2,56.40000104904175,76.88999772071838,56.40000104904175,78.11999917030334,78.29999923706055,1.171244171142578,57.58,0.38745853424072263,86.4,0.01696126903854271,0.04099476456353147,89.34000134468079,58.30000042915344,20.489996671676636,21.719998121261597
kd_then_ce,ce_e20,5,ce,55.900001525878906,1.181759149169922,57.2,56.849998235702515,77.53999829292297,56.599998474121094,77.02000141143799,77.85999774932861,1.170818670654297,57.76,0.3871985221862793,85.96,0.018674252183801712,0.061399327029087805,88.76000046730042,58.38000178337097,20.69000005722046,20.420002937316895
kd_then_ce,ce_e20,6,ce,55.900001525878906,1.181759149169922,57.2,57.1399986743927,77.36999988555908,56.58000111579895,76.80000066757202,77.17999815940857,1.1675177032470703,58.24,0.40079732131958007,85.24,0.018044297000590098,0.054623370315748564,89.0999972820282,58.43999981880188,20.230001211166382,20.21999955177307
kd_then_ce,ce_e20,7,ce,55.900001525878906,1.181759149169922,57.2,56.940001249313354,77.77000069618225,56.90000057220459,77.96000242233276,77.96000242233276,1.1705951171875,57.46,0.37764230499267576,86.36,0.01919524301909202,0.05150681143877707,87.9800021648407,59.02000069618225,20.829999446868896,21.060001850128174
kd_then_ce,ce_e20,8,ce,55.900001525878906,1.181759149169922,57.2,56.950002908706665,77.02999711036682,56.55999779701233,77.6199996471405,78.1000018119812,1.170238510131836,58.06,0.41774239883422853,85.12,0.014314664148116538,0.049421598171234496,88.58000040054321,58.81999731063843,20.079994201660156,21.060001850128174
kd_then_ce,ce_e20,9,ce,55.900001525878906,1.181759149169922,57.2,57.23000168800354,77.54999995231628,57.12000131607056,78.33999991416931,78.33999991416931,1.1652042724609375,58.28,0.34086905899047854,87.48,0.02242671387293551,0.055921591167111574,88.76000046730042,59.02000069618225,20.319998264312744,21.219998598098755
kd_then_ce,ce_e50,0,ce,79.68999743461609,0.4134262031555176,85.86,80.50000071525574,82.60999917984009,80.1800012588501,82.81999826431274,82.9200029373169,0.43062814712524417,85.28,0.2522635444641113,91.2,0.028980319184504034,0.051176802341931095,90.64000248908997,85.65999865531921,2.1099984645843506,2.6399970054626465
kd_then_ce,ce_e50,1,ce,79.68999743461609,0.4134262031555176,85.86,80.0499975681305,82.73000121116638,79.91999983787537,83.42000246047974,83.42000246047974,0.43677763214111326,84.64,0.24575643157958985,91.64,0.0342051708766905,0.04862566327475773,91.54000282287598,85.9000027179718,2.6800036430358887,3.50000262260437
kd_then_ce,ce_e50,2,ce,79.68999743461609,0.4134262031555176,85.86,80.26000261306763,82.58000016212463,80.11999726295471,82.85999894142151,82.94000029563904,0.4354928985595703,85.26,0.2678895751953125,90.34,0.032677562123204204,0.05060480790563742,91.15999937057495,85.93999743461609,2.319997549057007,2.740001678466797
kd_then_ce,ce_e50,3,ce,79.68999743461609,0.4134262031555176,85.86,79.98999953269958,82.88000226020813,80.239999294281,83.42000246047974,83.75999927520752,0.4365425422668457,84.54,0.2700407005310059,90.6,0.030222203627773912,0.03929557125711792,91.01999998092651,85.97999811172485,2.890002727508545,3.1800031661987305
kd_then_ce,ce_e50,4,ce,79.68999743461609,0.4134262031555176,85.86,80.41999936103821,82.52999782562256,79.91999983787537,82.58000016212463,82.66000151634216,0.44000709075927735,84.6,0.25437355346679685,91.0,0.03186991879280437,0.0497773735938289,90.7800018787384,86.00000143051147,2.1099984645843506,2.6600003242492676
kd_then_ce,ce_e50,5,ce,79.68999743461609,0.4134262031555176,85.86,80.7699978351593,82.30000138282776,79.91999983787537,82.76000022888184,82.95999765396118,0.44908349533081054,84.44,0.22294988708496094,92.14,0.03410521193197104,0.05863602665282943,89.89999890327454,84.97999906539917,1.530003547668457,2.8400003910064697
kd_then_ce,ce_e50,6,ce,79.68999743461609,0.4134262031555176,85.86,80.43000102043152,82.9800009727478,80.37999868392944,83.17999839782715,83.20000171661377,0.43616241760253904,84.54,0.25167075424194335,91.34,0.03235406853793149,0.04626352968759907,90.82000255584717,85.28000116348267,2.549999952316284,2.799999713897705
kd_then_ce,ce_e50,7,ce,79.68999743461609,0.4134262031555176,85.86,80.72999715805054,82.02000260353088,79.75999712944031,82.71999955177307,82.71999955177307,0.4377034309387207,84.64,0.2386652587890625,91.7,0.03598357767816762,0.052164924592360884,90.46000242233276,85.10000109672546,1.2900054454803467,2.9600024223327637
kd_then_ce,ce_e50,8,ce,79.68999743461609,0.4134262031555176,85.86,80.30999898910522,83.45999717712402,80.33999800682068,82.74000287055969,83.13999772071838,0.4313423965454102,84.9,0.28050882873535155,90.26,0.0325818270117655,0.04738597881864336,90.64000248908997,86.37999892234802,3.149998188018799,2.4000048637390137
kd_then_ce,ce_e50,9,ce,79.68999743461609,0.4134262031555176,85.86,80.46000003814697,82.55000114440918,80.41999936103821,82.48000144958496,82.76000022888184,0.43070103759765627,84.94,0.24160558242797853,91.48,0.03164689446678098,0.056335446717210386,90.97999930381775,85.4200005531311,2.090001106262207,2.060002088546753
kd_then_ce,ce_e100,0,ce,85.90999841690063,0.10524831523895263,96.14,86.33999824523926,86.2600028514862,85.87999939918518,85.93999743461609,86.41999959945679,0.20936939086914064,92.86,0.16032950096130372,94.4,0.07397688346378542,0.05877579550629176,89.25999999046326,88.80000114440918,-0.07999539375305176,0.0599980354309082
kd_then_ce,ce_e100,1,ce,85.90999841690063,0.10524831523895263,96.14,85.67000031471252,85.61999797821045,85.97999811172485,86.36000156402588,86.59999966621399,0.2089266284942627,92.86,0.14965776481628418,94.42,0.07254090655929835,0.05803719768024612,89.42000269889832,89.02000188827515,-0.050002336502075195,0.3800034523010254
kd_then_ce,ce_e100,2,ce,85.90999841690063,0.10524831523895263,96.14,85.9000027179718,86.1299991607666,86.6599977016449,86.50000095367432,86.72000169754028,0.2020905647277832,93.18,0.15242571830749513,94.64,0.06706979869814829,0.054324604638249,89.66000080108643,89.31999802589417,0.2299964427947998,-0.15999674797058105
kd_then_ce,ce_e100,3,ce,85.90999841690063,0.10524831523895263,96.14,85.80999970436096,85.9499990940094,85.78000068664551,86.10000014305115,86.44000291824341,0.1944440460205078,93.36,0.14802603034973144,94.72,0.07492581804786194,0.05685559172110002,89.17999863624573,88.62000107765198,0.1399993896484375,0.31999945640563965
kd_then_ce,ce_e100,4,ce,85.90999841690063,0.10524831523895263,96.14,86.44999861717224,86.50000095367432,85.83999872207642,86.15999817848206,86.40000224113464,0.20216681365966796,93.02,0.15375895042419432,94.58,0.0745343811652362,0.05492292642598028,88.85999917984009,88.41999769210815,0.050002336502075195,0.31999945640563965
kd_then_ce,ce_e100,5,ce,85.90999841690063,0.10524831523895263,96.14,86.11999750137329,86.11999750137329,85.75999736785889,86.10000014305115,86.2600028514862,0.20501366271972657,92.9,0.15664401168823242,94.54,0.07662680919273102,0.060101075928034015,89.53999876976013,89.06000256538391,0.0,0.34000277519226074
kd_then_ce,ce_e100,6,ce,85.90999841690063,0.10524831523895263,96.14,86.39000058174133,86.72999739646912,85.87999939918518,86.22000217437744,86.33999824523926,0.19454109649658202,93.3,0.14661416397094726,94.8,0.07466119140301053,0.055880539313616584,89.4599974155426,89.20000195503235,0.3399968147277832,0.34000277519226074
kd_then_ce,ce_e100,7,ce,85.90999841690063,0.10524831523895263,96.14,86.72999739646912,86.69999837875366,86.04000210762024,86.4799976348877,86.76000237464905,0.21235835914611817,92.48,0.1641012851715088,94.22,0.07250234350207312,0.05311925877848693,89.74000215530396,89.20000195503235,-0.0299990177154541,0.43999552726745605
kd_then_ce,ce_e100,8,ce,85.90999841690063,0.10524831523895263,96.14,86.18999719619751,86.47000193595886,86.36000156402588,86.72000169754028,87.0199978351593,0.19926331672668457,92.74,0.15422998809814453,94.44,0.07202036321778812,0.05549956234384001,89.819997549057,89.0999972820282,0.28000473976135254,0.3600001335144043
kd_then_ce,ce_e100,9,ce,85.90999841690063,0.10524831523895263,96.14,86.3099992275238,86.40000224113464,86.58000230789185,86.15999817848206,86.59999966621399,0.19812179298400878,93.24,0.15392057876586915,94.6,0.06770275661163878,0.056201925735970146,89.6399974822998,88.67999911308289,0.09000301361083984,-0.42000412940979004
kd_then_ce,kd_g1,0,kd,84.579998254776,0.29533384704589843,90.8,85.0600004196167,85.51999926567078,84.8800003528595,85.28000116348267,85.5400025844574,0.3289723709106445,89.5,0.2383411407470703,91.44,0.07593985821167039,0.04363764099951924,90.67999720573425,89.56000208854675,0.45999884605407715,0.40000081062316895
kd_then_ce,kd_g1,1,kd,84.579998254776,0.29533384704589843,90.8,85.14000177383423,85.74000000953674,84.579998254776,85.39999723434448,85.39999723434448,0.3352000473022461,89.52,0.23339811248779296,91.78,0.08154392405759107,0.0414330066514608,90.7800018787384,89.84000086784363,0.5999982357025146,0.8199989795684814
kd_then_ce,kd_g1,2,kd,84.579998254776,0.29533384704589843,90.8,84.89000201225281,85.49000024795532,85.0600004196167,85.07999777793884,85.32000184059143,0.3428865455627441,89.02,0.2496304359436035,91.18,0.07743335416212507,0.04722184138223475,90.97999930381775,89.89999890327454,0.5999982357025146,0.019997358322143555
kd_then_ce,kd_g1,3,kd,84.579998254776,0.29533384704589843,90.8,85.19999980926514,85.55999994277954,84.96000170707703,85.7200026512146,85.93999743461609,0.3291837127685547,89.72,0.232896728515625,91.84,0.07894961747620423,0.04014849086413709,91.00000262260437,90.14000296592712,0.3600001335144043,0.7600009441375732
kd_then_ce,kd_g1,4,kd,84.579998254776,0.29533384704589843,90.8,85.07999777793884,85.75999736785889,84.97999906539917,85.6000006198883,85.83999872207642,0.332908699798584,89.64,0.24203462753295898,91.8,0.07475454939602016,0.04283392464601573,90.75999855995178,89.99999761581421,0.679999589920044,0.6200015544891357
kd_then_ce,kd_g1,5,kd,84.579998254776,0.29533384704589843,90.8,85.180002450943,85.51999926567078,84.60000157356262,84.85999703407288,85.0600004196167,0.3489700508117676,89.4,0.24796134490966798,91.2,0.08043735025229849,0.04454760451689212,90.7800018787384,89.96000289916992,0.3399968147277832,0.2599954605102539
kd_then_ce,kd_g1,6,kd,84.579998254776,0.29533384704589843,90.8,85.18999814987183,85.9000027179718,84.50000286102295,85.15999913215637,85.43999791145325,0.34526706466674806,89.24,0.24116016159057618,91.52,0.08304786739031511,0.04383041595093031,91.21999740600586,90.25999903678894,0.7100045680999756,0.6599962711334229
kd_then_ce,kd_g1,7,kd,84.579998254776,0.29533384704589843,90.8,84.68999862670898,85.22999882698059,85.37999987602234,85.65999865531921,85.79999804496765,0.345738240814209,89.38,0.24443126220703126,91.16,0.07480618186267791,0.04181041559718607,90.89999794960022,90.52000045776367,0.5400002002716064,0.279998779296875
kd_then_ce,kd_g1,8,kd,84.579998254776,0.29533384704589843,90.8,84.78999733924866,85.10000109672546,84.56000089645386,85.15999913215637,85.43999791145325,0.34773541412353515,89.52,0.25304308319091795,91.12,0.0804155391115122,0.03934896139609176,91.10000133514404,90.2999997138977,0.31000375747680664,0.5999982357025146
kd_then_ce,kd_g1,9,kd,84.579998254776,0.29533384704589843,90.8,85.11999845504761,85.47000288963318,84.50000286102295,84.7599983215332,84.96000170707703,0.33271280212402343,89.52,0.23184868431091307,91.78,0.0805869805750667,0.046324215799742156,90.74000120162964,89.92000222206116,0.3500044345855713,0.2599954605102539
kd_then_ce,kd_g2,0,kd,84.31000113487244,0.40023822174072266,88.18,84.39000248908997,85.33999919891357,84.0399980545044,84.74000096321106,84.89999771118164,0.4083146911621094,88.0,0.28117287063598634,90.36,0.08166895689445196,0.03660146313843902,92.1999990940094,90.82000255584717,0.9499967098236084,0.700002908706665
kd_then_ce,kd_g2,1,kd,84.31000113487244,0.40023822174072266,88.18,83.569997549057,84.60000157356262,83.85999798774719,84.34000015258789,84.78000164031982,0.44241226654052734,87.36,0.2737959671020508,90.2,0.08719103382884565,0.03932313935724964,91.51999950408936,89.70000147819519,1.0300040245056152,0.48000216484069824
kd_then_ce,kd_g2,2,kd,84.31000113487244,0.40023822174072266,88.18,84.28000211715698,85.11999845504761,83.88000130653381,85.19999980926514,85.21999716758728,0.41938062744140625,87.7,0.2861952453613281,89.78,0.0863010499843854,0.034240293979263335,92.1999990940094,90.92000126838684,0.839996337890625,1.3199985027313232
kd_then_ce,kd_g2,3,kd,84.31000113487244,0.40023822174072266,88.18,84.43999886512756,85.18999814987183,84.2199981212616,85.07999777793884,85.11999845504761,0.4071390640258789,87.8,0.27577419357299804,90.42,0.08383559283243529,0.03643573475406812,92.22000241279602,90.57999849319458,0.7499992847442627,0.8599996566772461
kd_then_ce,kd_g2,4,kd,84.31000113487244,0.40023822174072266,88.18,84.579998254776,85.53000092506409,83.52000117301941,85.14000177383423,85.28000116348267,0.4242971099853516,87.66,0.29384621353149415,89.6,0.08888175933671143,0.03405177424620648,91.74000024795532,90.74000120162964,0.9500026702880859,1.6200006008148193
kd_then_ce,kd_g2,5,kd,84.31000113487244,0.40023822174072266,88.18,84.3500018119812,85.32999753952026,84.0399980545044,84.89999771118164,85.10000109672546,0.41539693756103513,87.68,0.2854369285583496,90.22,0.08506058513627511,0.03509647465700309,92.3799991607666,90.83999991416931,0.9799957275390625,0.8599996566772461
kd_then_ce,kd_g2,6,kd,84.31000113487244,0.40023822174072266,88.18,84.29999947547913,85.14999747276306,83.85999798774719,84.65999960899353,85.01999974250793,0.42005916137695315,87.74,0.2849997535705566,89.56,0.08760051579831798,0.03547919851982954,92.15999841690063,90.70000052452087,0.8499979972839355,0.8000016212463379
kd_then_ce,kd_g2,7,kd,84.31000113487244,0.40023822174072266,88.18,84.49000120162964,85.18999814987183,84.0399980545044,84.97999906539917,85.25999784469604,0.4156216232299805,88.28,0.2802951171875,90.34,0.08697947574982602,0.03681636906484749,92.25999712944031,90.57999849319458,0.6999969482421875,0.9400010108947754
kd_then_ce,kd_g2,8,kd,84.31000113487244,0.40023822174072266,88.18,84.2199981212616,85.08999943733215,83.3400011062622,84.46000218391418,84.68000292778015,0.41766657333374024,87.66,0.2886086166381836,89.6,0.09073343177002668,0.039082834477165256,91.78000092506409,90.97999930381775,0.8700013160705566,1.1200010776519775
kd_then_ce,kd_g2,9,kd,84.31000113487244,0.40023822174072266,88.18,84.24999713897705,85.39999723434448,84.53999757766724,85.03999710083008,85.37999987602234,0.41949368896484374,87.58,0.2836087272644043,89.84,0.08194463949780645,0.0350986145600118,92.46000051498413,90.79999923706055,1.1500000953674316,0.4999995231628418
